2026-10-09T03:55:38.0534390Z Current runner version: '2.337.0'
2026-10-09T03:55:38.0561697Z ##[group]Runner Image Provisioner
2026-10-09T03:55:38.0562702Z Hosted Compute Agent
2026-10-09T03:55:38.0563403Z Version: 20261002.596
2026-10-09T03:55:38.0564118Z Commit: c3d12f3313a95f25162a1503be624f3b0617f8c0
2026-10-09T03:55:38.0564942Z Build Date: 2026-10-02T22:28:27Z
2026-10-09T03:55:38.0565637Z Worker ID: {6af0cb2f-bbe2-409d-8816-8f051cf7e35e}
2026-10-09T03:55:38.0566341Z Region: centralus
2026-10-09T03:55:38.0567201Z Cloud: Azure
2026-10-09T03:55:38.0567758Z ##[endgroup]
2026-10-09T03:55:38.0569682Z ##[group]Operating System
2026-10-09T03:55:38.0570358Z Ubuntu
2026-10-09T03:55:38.0570871Z 24.04.5
2026-10-09T03:55:38.0571447Z LTS
2026-10-09T03:55:38.0571957Z ##[endgroup]
2026-10-09T03:55:38.0572619Z ##[group]Runner Image
2026-10-09T03:55:38.0573247Z Image: ubuntu-24.04
2026-10-09T03:55:38.0573814Z Version: 20261004.327.1
2026-10-09T03:55:38.0575217Z Included Software: https://github.com/actions/runner-images/blob/ubuntu24/20261004.327/images/ubuntu/Ubuntu2404-Readme.md
2026-10-09T03:55:38.0577416Z Image Release: https://github.com/actions/runner-images/releases/tag/ubuntu24%2F20261004.327
2026-10-09T03:55:38.0578511Z ##[endgroup]
2026-10-09T03:55:38.0579708Z ##[group]GITHUB_TOKEN Permissions
2026-10-09T03:55:38.0581940Z Contents: read
2026-10-09T03:55:38.0582586Z Metadata: read
2026-10-09T03:55:38.0583295Z ##[endgroup]
2026-10-09T03:55:38.0585400Z Secret source: Actions
2026-10-09T03:55:38.0586450Z Cache mode: write
2026-10-09T03:55:38.0587640Z Prepare workflow directory
2026-10-09T03:55:38.0923571Z Prepare all required actions
2026-10-09T03:55:38.0970404Z Getting action download info
2026-10-09T03:55:38.3698090Z Download action repository 'actions/checkout@v6' (SHA:d23441a48e516b6c34aea4fa41551a30e30af803)
2026-10-09T03:55:38.4799860Z Download action repository 'actions/upload-artifact@v4' (SHA:ea165f8d65b6e75b540449e92b4886f43607fa02)
2026-10-09T03:55:38.6991643Z Complete job name: Behavior portable serial 7
2026-10-09T03:55:38.7756136Z ##[group]Run actions/checkout@v6
2026-10-09T03:55:38.7757337Z with:
2026-10-09T03:55:38.7757782Z   fetch-depth: 0
2026-10-09T03:55:38.7758271Z   repository: speechybubble/firstmate
2026-10-09T03:55:38.7762047Z   token: ***
2026-10-09T03:55:38.7762477Z   ssh-strict: true
2026-10-09T03:55:38.7762911Z   ssh-user: git
2026-10-09T03:55:38.7763350Z   persist-credentials: true
2026-10-09T03:55:38.7763844Z   clean: true
2026-10-09T03:55:38.7764299Z   sparse-checkout-cone-mode: true
2026-10-09T03:55:38.7764823Z   fetch-tags: false
2026-10-09T03:55:38.7765263Z   show-progress: true
2026-10-09T03:55:38.7765708Z   lfs: false
2026-10-09T03:55:38.7766114Z   submodules: false
2026-10-09T03:55:38.7766551Z   set-safe-directory: true
2026-10-09T03:55:38.7767258Z   allow-unsafe-pr-checkout: false
2026-10-09T03:55:38.7768044Z ##[endgroup]
2026-10-09T03:55:38.8797803Z Syncing repository: speechybubble/firstmate
2026-10-09T03:55:38.8800737Z ##[group]Getting Git version info
2026-10-09T03:55:38.8802003Z Working directory is '/home/runner/work/firstmate/firstmate'
2026-10-09T03:55:38.8803784Z [command]/usr/bin/git version
2026-10-09T03:55:38.8873437Z git version 2.55.0
2026-10-09T03:55:38.8933062Z ##[endgroup]
2026-10-09T03:55:38.8948982Z Temporarily overriding HOME='/home/runner/work/_temp/8fee48c6-ee9f-4acf-a250-afff36fe61a1' before making global git config changes
2026-10-09T03:55:38.8951265Z Adding repository directory to the temporary git global config as a safe directory
2026-10-09T03:55:38.8955608Z [command]/usr/bin/git config --global --add safe.directory /home/runner/work/firstmate/firstmate
2026-10-09T03:55:38.9010183Z Deleting the contents of '/home/runner/work/firstmate/firstmate'
2026-10-09T03:55:38.9015376Z ##[group]Determining repository object format
2026-10-09T03:55:38.9017873Z ##[endgroup]
2026-10-09T03:55:38.9019019Z ##[group]Initializing the repository
2026-10-09T03:55:38.9022852Z [command]/usr/bin/git init /home/runner/work/firstmate/firstmate
2026-10-09T03:55:38.9136871Z hint: Using 'master' as the name for the initial branch. This default branch name
2026-10-09T03:55:38.9140635Z hint: will change to "main" in Git 3.0. To configure the initial branch name
2026-10-09T03:55:38.9142160Z hint: to use in all of your new repositories, which will suppress this warning,
2026-10-09T03:55:38.9143346Z hint: call:
2026-10-09T03:55:38.9144075Z hint:
2026-10-09T03:55:38.9144968Z hint: 	git config --global init.defaultBranch <name>
2026-10-09T03:55:38.9145997Z hint:
2026-10-09T03:55:38.9147347Z hint: Names commonly chosen instead of 'master' are 'main', 'trunk' and
2026-10-09T03:55:38.9148910Z hint: 'development'. The just-created branch can be renamed via this command:
2026-10-09T03:55:38.9150193Z hint:
2026-10-09T03:55:38.9150855Z hint: 	git branch -m <name>
2026-10-09T03:55:38.9151606Z hint:
2026-10-09T03:55:38.9152598Z hint: Disable this message with "git config set advice.defaultBranchName false"
2026-10-09T03:55:38.9154402Z Initialized empty Git repository in /home/runner/work/firstmate/firstmate/.git/
2026-10-09T03:55:38.9157358Z [command]/usr/bin/git remote add origin https://github.com/speechybubble/firstmate
2026-10-09T03:55:38.9237228Z ##[endgroup]
2026-10-09T03:55:38.9238494Z ##[group]Disabling automatic garbage collection
2026-10-09T03:55:38.9240872Z [command]/usr/bin/git config --local gc.auto 0
2026-10-09T03:55:38.9302717Z ##[endgroup]
2026-10-09T03:55:38.9304211Z ##[group]Setting up auth
2026-10-09T03:55:38.9305082Z Removing SSH command configuration
2026-10-09T03:55:38.9306327Z [command]/usr/bin/git config --local --name-only --get-regexp core\.sshCommand
2026-10-09T03:55:38.9337712Z [command]/usr/bin/git submodule foreach --recursive sh -c "git config --local --name-only --get-regexp 'core\.sshCommand' && git config --local --unset-all 'core.sshCommand' || :"
2026-10-09T03:55:38.9719766Z Removing HTTP extra header
2026-10-09T03:55:38.9727972Z [command]/usr/bin/git config --local --name-only --get-regexp http\.https\:\/\/github\.com\/\.extraheader
2026-10-09T03:55:38.9767630Z [command]/usr/bin/git submodule foreach --recursive sh -c "git config --local --name-only --get-regexp 'http\.https\:\/\/github\.com\/\.extraheader' && git config --local --unset-all 'http.https://github.com/.extraheader' || :"
2026-10-09T03:55:38.9994011Z Removing includeIf entries pointing to credentials config files
2026-10-09T03:55:39.0001537Z [command]/usr/bin/git config --local --name-only --get-regexp ^includeIf\.gitdir:
2026-10-09T03:55:39.0040779Z [command]/usr/bin/git submodule foreach --recursive git config --local --show-origin --name-only --get-regexp remote.origin.url
2026-10-09T03:55:39.0292645Z [command]/usr/bin/git config --file /home/runner/work/_temp/git-credentials-64f1ba58-8e0a-4f11-b2be-fdb9464dbb9e.config http.https://github.com/.extraheader AUTHORIZATION: basic ***
2026-10-09T03:55:39.0341790Z [command]/usr/bin/git config --local includeIf.gitdir:/home/runner/work/firstmate/firstmate/.git.path /home/runner/work/_temp/git-credentials-64f1ba58-8e0a-4f11-b2be-fdb9464dbb9e.config
2026-10-09T03:55:39.0378766Z [command]/usr/bin/git config --local includeIf.gitdir:/home/runner/work/firstmate/firstmate/.git/worktrees/*.path /home/runner/work/_temp/git-credentials-64f1ba58-8e0a-4f11-b2be-fdb9464dbb9e.config
2026-10-09T03:55:39.0425241Z [command]/usr/bin/git config --local includeIf.gitdir:/github/workspace/.git.path /github/runner_temp/git-credentials-64f1ba58-8e0a-4f11-b2be-fdb9464dbb9e.config
2026-10-09T03:55:39.0474202Z [command]/usr/bin/git config --local includeIf.gitdir:/github/workspace/.git/worktrees/*.path /github/runner_temp/git-credentials-64f1ba58-8e0a-4f11-b2be-fdb9464dbb9e.config
2026-10-09T03:55:39.0506909Z ##[endgroup]
2026-10-09T03:55:39.0508310Z ##[group]Fetching the repository
2026-10-09T03:55:39.0518020Z [command]/usr/bin/git -c protocol.version=2 fetch --no-tags --prune --no-recurse-submodules origin +refs/heads/*:refs/remotes/origin/* +refs/tags/*:refs/tags/* +94517133fdc56cdd5cbd036245d6bb264e0d0942:refs/remotes/pull/8/merge
2026-10-09T03:55:41.6596328Z From https://github.com/speechybubble/firstmate
2026-10-09T03:55:41.6608841Z  * [new branch]        cursor/ci-fm-ci-churn-macos-herdr-dry-e1d1 -> origin/cursor/ci-fm-ci-churn-macos-herdr-dry-e1d1
2026-10-09T03:55:41.6610765Z  * [new branch]        fm/afk-pi-wake-bypass-r1                 -> origin/fm/afk-pi-wake-bypass-r1
2026-10-09T03:55:41.6612232Z  * [new branch]        fm/cleanup-state-path-alias              -> origin/fm/cleanup-state-path-alias
2026-10-09T03:55:41.6614977Z  * [new branch]        fm/fm-actionable-update-escalation-misclassification-r1 -> origin/fm/fm-actionable-update-escalation-misclassification-r1
2026-10-09T03:55:41.6618355Z  * [new branch]        fm/fm-actionable-update-escalation-misclassification-r3 -> origin/fm/fm-actionable-update-escalation-misclassification-r3
2026-10-09T03:55:41.6620577Z  * [new branch]        fm/fm-afk-pi-branch-both-postures-r1     -> origin/fm/fm-afk-pi-branch-both-postures-r1
2026-10-09T03:55:41.6622357Z  * [new branch]        fm/fm-branch-note-sailboat-r2            -> origin/fm/fm-branch-note-sailboat-r2
2026-10-09T03:55:41.6624768Z  * [new branch]        fm/fm-composer-thin-adapter-refactor-r1  -> origin/fm/fm-composer-thin-adapter-refactor-r1
2026-10-09T03:55:41.6627870Z  * [new branch]        fm/fm-documentation-audience-cleanup-r1  -> origin/fm/fm-documentation-audience-cleanup-r1
2026-10-09T03:55:41.6630559Z  * [new branch]        fm/fm-herdr-contiguity-resume            -> origin/fm/fm-herdr-contiguity-resume
2026-10-09T03:55:41.6633422Z  * [new branch]        fm/fm-herdr-recovery-classifier-stale-agent-r1 -> origin/fm/fm-herdr-recovery-classifier-stale-agent-r1
2026-10-09T03:55:41.6636554Z  * [new branch]        fm/fm-needs-decision-main-only-r1        -> origin/fm/fm-needs-decision-main-only-r1
2026-10-09T03:55:41.6639512Z  * [new branch]        fm/fm-needs-decision-whole-batch-r1      -> origin/fm/fm-needs-decision-whole-batch-r1
2026-10-09T03:55:41.6642304Z  * [new branch]        fm/fm-nm-evidence-store-firstmate-r1     -> origin/fm/fm-nm-evidence-store-firstmate-r1
2026-10-09T03:55:41.6645490Z  * [new branch]        fm/fm-per-task-delivery-override-r1      -> origin/fm/fm-per-task-delivery-override-r1
2026-10-09T03:55:41.6648749Z  * [new branch]        fm/fm-public-stow-readbeforewrite-port-r1 -> origin/fm/fm-public-stow-readbeforewrite-port-r1
2026-10-09T03:55:41.6650641Z  * [new branch]        fm/fm-safe-auto-reboot-simple-r1         -> origin/fm/fm-safe-auto-reboot-simple-r1
2026-10-09T03:55:41.6652654Z  * [new branch]        fm/fm-secondmate-creation-record-intake-r1 -> origin/fm/fm-secondmate-creation-record-intake-r1
2026-10-09T03:55:41.6654499Z  * [new branch]        fm/fm-secondmate-parent-channel-structural-r1 -> origin/fm/fm-secondmate-parent-channel-structural-r1
2026-10-09T03:55:41.6656577Z  * [new branch]        fm/fm-secondmate-record-atomic-transitions-r1 -> origin/fm/fm-secondmate-record-atomic-transitions-r1
2026-10-09T03:55:41.6659520Z  * [new branch]        fm/fm-sessionstart-network-free-r1       -> origin/fm/fm-sessionstart-network-free-r1
2026-10-09T03:55:41.6662119Z  * [new branch]        fm/fm-shared-test-fixtures-r1            -> origin/fm/fm-shared-test-fixtures-r1
2026-10-09T03:55:41.6664746Z  * [new branch]        fm/fm-skill-frontmatter-desc-r1          -> origin/fm/fm-skill-frontmatter-desc-r1
2026-10-09T03:55:41.6667895Z  * [new branch]        fm/fm-supervision-pr-url-hallucination-r1 -> origin/fm/fm-supervision-pr-url-hallucination-r1
2026-10-09T03:55:41.6670653Z  * [new branch]        fm/fm-supervision-rearm-resurface-r1     -> origin/fm/fm-supervision-rearm-resurface-r1
2026-10-09T03:55:41.6673111Z  * [new branch]        fm/fm-supervision-refused-ack-loop-r1    -> origin/fm/fm-supervision-refused-ack-loop-r1
2026-10-09T03:55:41.6675275Z  * [new branch]        fm/fm-teardown-closes-captain-held-scout-r1 -> origin/fm/fm-teardown-closes-captain-held-scout-r1
2026-10-09T03:55:41.6678398Z  * [new branch]        fm/fm-teardown-slot-collision-fix-r1     -> origin/fm/fm-teardown-slot-collision-fix-r1
2026-10-09T03:55:41.6681128Z  * [new branch]        fm/fm-watcher-flap-autoarm-fix-r2        -> origin/fm/fm-watcher-flap-autoarm-fix-r2
2026-10-09T03:55:41.6683859Z  * [new branch]        fm/fm-watcher-hardening-r1               -> origin/fm/fm-watcher-hardening-r1
2026-10-09T03:55:41.6686067Z  * [new branch]        fm/fm-watcher-hardening-r2               -> origin/fm/fm-watcher-hardening-r2
2026-10-09T03:55:41.6688017Z  * [new branch]        fm/fm-watcher-hardening-r3               -> origin/fm/fm-watcher-hardening-r3
2026-10-09T03:55:41.6689558Z  * [new branch]        fm/herdr-workspace-contiguity-maintenance -> origin/fm/herdr-workspace-contiguity-maintenance
2026-10-09T03:55:41.6691233Z  * [new branch]        fm/nm-required-exempt-release-please-r1  -> origin/fm/nm-required-exempt-release-please-r1
2026-10-09T03:55:41.6693811Z  * [new branch]        fm/reconcile-inactive-crew-investigate-s1 -> origin/fm/reconcile-inactive-crew-investigate-s1
2026-10-09T03:55:41.6696466Z  * [new branch]        fm/remote-send-confirm-readback-fix-r1   -> origin/fm/remote-send-confirm-readback-fix-r1
2026-10-09T03:55:41.6699234Z  * [new branch]        fm/remote-send-delivery-delta-r1         -> origin/fm/remote-send-delivery-delta-r1
2026-10-09T03:55:41.6701803Z  * [new branch]        fm/secondmate-autonomous-supervision-s7  -> origin/fm/secondmate-autonomous-supervision-s7
2026-10-09T03:55:41.6704587Z  * [new branch]        fm/setup-code-reconcile                  -> origin/fm/setup-code-reconcile
2026-10-09T03:55:41.6707255Z  * [new branch]        fm/workflows-memory-ship                 -> origin/fm/workflows-memory-ship
2026-10-09T03:55:41.6714342Z  * [new branch]        fm/workflows-product-ship                -> origin/fm/workflows-product-ship
2026-10-09T03:55:41.6717136Z  * [new branch]        fm/workflows-reasoning-ship              -> origin/fm/workflows-reasoning-ship
2026-10-09T03:55:41.6718723Z  * [new branch]        fm/workflows-team-ship                   -> origin/fm/workflows-team-ship
2026-10-09T03:55:41.6720283Z  * [new branch]        kun/supervision-hold-fix                 -> origin/kun/supervision-hold-fix
2026-10-09T03:55:41.6721481Z  * [new branch]        main                                     -> origin/main
2026-10-09T03:55:41.6722600Z  * [new branch]        no-mistakes/evidence                     -> origin/no-mistakes/evidence
2026-10-09T03:55:41.6723947Z  * [new branch]        proto/herdr-child-workspaces             -> origin/proto/herdr-child-workspaces
2026-10-09T03:55:41.6725292Z  * [new branch]        setup-update-20261008                    -> origin/setup-update-20261008
2026-10-09T03:55:41.6726447Z  * [new ref]           94517133fdc56cdd5cbd036245d6bb264e0d0942 -> pull/8/merge
2026-10-09T03:55:41.6728734Z ##[endgroup]
2026-10-09T03:55:41.6729494Z ##[group]Determining the checkout info
2026-10-09T03:55:41.6730439Z ##[endgroup]
2026-10-09T03:55:41.6730965Z [command]/usr/bin/git sparse-checkout disable
2026-10-09T03:55:41.6732582Z [command]/usr/bin/git config --local --unset-all extensions.worktreeConfig
2026-10-09T03:55:41.6744832Z ##[group]Checking out the ref
2026-10-09T03:55:41.6749408Z [command]/usr/bin/git checkout --progress --force refs/remotes/pull/8/merge
2026-10-09T03:55:41.7895900Z Note: switching to 'refs/remotes/pull/8/merge'.
2026-10-09T03:55:41.7897789Z 
2026-10-09T03:55:41.7898386Z You are in 'detached HEAD' state. You can look around, make experimental
2026-10-09T03:55:41.7899701Z changes and commit them, and you can discard any commits you make in this
2026-10-09T03:55:41.7901008Z state without impacting any branches by switching back to a branch.
2026-10-09T03:55:41.7901777Z 
2026-10-09T03:55:41.7902298Z If you want to create a new branch to retain commits you create, you may
2026-10-09T03:55:41.7903524Z do so (now or later) by using -c with the switch command. Example:
2026-10-09T03:55:41.7904256Z 
2026-10-09T03:55:41.7904810Z   git switch -c <new-branch-name>
2026-10-09T03:55:41.7905736Z 
2026-10-09T03:55:41.7906367Z Or undo this operation with:
2026-10-09T03:55:41.7907546Z 
2026-10-09T03:55:41.7908063Z   git switch -
2026-10-09T03:55:41.7908942Z 
2026-10-09T03:55:41.7909996Z Turn off this advice by setting config variable advice.detachedHead to false
2026-10-09T03:55:41.7911911Z 
2026-10-09T03:55:41.7913642Z HEAD is now at 94517133 Merge 8d6795e8934d929b528dfd743ad7bc326d602c29 into 444064df605dcdc31daeb49fd7a04b9b4814ad9c
2026-10-09T03:55:41.7997661Z ##[endgroup]
2026-10-09T03:55:41.8001825Z [command]/usr/bin/git log -1 --format=%H
2026-10-09T03:55:41.8003927Z 94517133fdc56cdd5cbd036245d6bb264e0d0942
2026-10-09T03:55:41.8279879Z ##[group]Run set -eu
2026-10-09T03:55:41.8281051Z [36;1mset -eu[0m
2026-10-09T03:55:41.8282353Z [36;1mbin/fm-install-shellcheck.sh "$RUNNER_TEMP/bin"[0m
2026-10-09T03:55:41.8283960Z [36;1mecho "$RUNNER_TEMP/bin" >> "$GITHUB_PATH"[0m
2026-10-09T03:55:41.8546252Z shell: /usr/bin/bash -e {0}
2026-10-09T03:55:41.8547659Z ##[endgroup]
2026-10-09T03:55:42.3192691Z ShellCheck - shell script analysis tool
2026-10-09T03:55:42.3193244Z version: 0.11.0
2026-10-09T03:55:42.3272333Z license: GNU General Public License, version 3
2026-10-09T03:55:42.3272794Z website: https://www.shellcheck.net
2026-10-09T03:55:42.3425364Z ##[group]Run set -eu
2026-10-09T03:55:42.3425660Z [36;1mset -eu[0m
2026-10-09T03:55:42.3425943Z [36;1mbin/fm-install-actionlint.sh "$RUNNER_TEMP/bin"[0m
2026-10-09T03:55:42.3426315Z [36;1mecho "$RUNNER_TEMP/bin" >> "$GITHUB_PATH"[0m
2026-10-09T03:55:42.3492162Z shell: /usr/bin/bash -e {0}
2026-10-09T03:55:42.3492448Z ##[endgroup]
2026-10-09T03:55:42.6620750Z 1.7.12
2026-10-09T03:55:42.6622573Z installed by downloading from release page
2026-10-09T03:55:42.6623165Z built with go1.26.1 compiler for linux/amd64
2026-10-09T03:55:42.6708089Z ##[group]Run set -eu
2026-10-09T03:55:42.6708378Z [36;1mset -eu[0m
2026-10-09T03:55:42.6708603Z [36;1mcommand -v tmux >/dev/null || {[0m
2026-10-09T03:55:42.6708995Z [36;1m  echo "::error::tmux is required for real afk injection e2e coverage"[0m
2026-10-09T03:55:42.6709381Z [36;1m  exit 1[0m
2026-10-09T03:55:42.6709579Z [36;1m}[0m
2026-10-09T03:55:42.6709764Z [36;1mtmux -V[0m
2026-10-09T03:55:42.6774832Z shell: /usr/bin/bash -e {0}
2026-10-09T03:55:42.6775095Z ##[endgroup]
2026-10-09T03:55:42.7994179Z tmux 3.4
2026-10-09T03:55:42.8042338Z ##[group]Run set -eu
2026-10-09T03:55:42.8042605Z [36;1mset -eu[0m
2026-10-09T03:55:42.8042824Z [36;1mnpm install -g tasks-axi[0m
2026-10-09T03:55:42.8043088Z [36;1mtasks-axi --version[0m
2026-10-09T03:55:42.8107541Z shell: /usr/bin/bash -e {0}
2026-10-09T03:55:42.8107793Z ##[endgroup]
2026-10-09T03:55:45.4917988Z 
2026-10-09T03:55:45.4918499Z added 3 packages in 2s
2026-10-09T03:55:45.5636115Z 0.2.6
2026-10-09T03:55:45.5734658Z ##[group]Run set -eu
2026-10-09T03:55:45.5734941Z [36;1mset -eu[0m
2026-10-09T03:55:45.5735218Z [36;1mnpm install -g @earendil-works/pi-coding-agent[0m
2026-10-09T03:55:45.5735650Z [36;1mnpm ls -g --depth 0 @earendil-works/pi-coding-agent[0m
2026-10-09T03:55:45.5799248Z shell: /usr/bin/bash -e {0}
2026-10-09T03:55:45.5799506Z ##[endgroup]
2026-10-09T03:55:50.7571067Z npm warn deprecated node-domexception@1.0.0: Use your platform's native DOMException instead
2026-10-09T03:55:54.6692648Z 
2026-10-09T03:55:54.6693075Z added 121 packages in 9s
2026-10-09T03:55:54.6693375Z 
2026-10-09T03:55:54.6693844Z 9 packages are looking for funding
2026-10-09T03:55:54.6694399Z   run `npm fund` for details
2026-10-09T03:55:57.6281211Z /usr/local/lib
2026-10-09T03:55:57.6281949Z └── @earendil-works/pi-coding-agent@1.1.0
2026-10-09T03:55:57.6282294Z 
2026-10-09T03:55:57.6449979Z ##[group]Run set -eu
2026-10-09T03:55:57.6450263Z [36;1mset -eu[0m
2026-10-09T03:55:57.6450502Z [36;1mmkdir -p "$RUNNER_TEMP/fm-test"[0m
2026-10-09T03:55:57.6450941Z [36;1m# The Pi package is installed above and CI provides npm and tsc, so[0m
2026-10-09T03:55:57.6451480Z [36;1m# any missing typecheck prerequisite is a broken lane, not a valid skip.[0m
2026-10-09T03:55:57.6451956Z [36;1mbin/fm-test-run.sh --lane "$FM_SERIAL_LANE" \[0m
2026-10-09T03:55:57.6452421Z [36;1m  --fail-on-gate-skip 'Pi extension typecheck prerequisite not found' \[0m
2026-10-09T03:55:57.6453214Z [36;1m  --json "$RUNNER_TEMP/fm-test/fm-test-timing-portable-serial-${FM_SERIAL_SHARD}.json"[0m
2026-10-09T03:55:57.6516259Z shell: /usr/bin/bash -e {0}
2026-10-09T03:55:57.6516511Z env:
2026-10-09T03:55:57.6516872Z   FM_SERIAL_LANE: portable-serial-7of9
2026-10-09T03:55:57.6517151Z   FM_SERIAL_SHARD: 7
2026-10-09T03:55:57.6517364Z ##[endgroup]
2026-10-09T03:55:58.9127065Z FM_TEST_BEGIN 2026-10-09T03:55:58Z tests/fm-procevent.test.sh family=standalone expected_gate_skip=none
2026-10-09T03:55:59.0869052Z ok - no configured source means no generated state and no process
2026-10-09T03:56:01.0990735Z ok - one blocking completion yields exactly one bounded normalized event
2026-10-09T03:56:02.1817670Z ok - a home reached through a symlinked ancestor runs its sources normally
2026-10-09T03:56:03.1775214Z not-autohandled: direct-src (left for the handler; still unacknowledged)
2026-10-09T03:56:03.2891858Z ok - public start owns the process group recorded by its claim
2026-10-09T03:56:04.0579999Z ok - public start never claims an inherited caller process group
2026-10-09T03:56:04.8744221Z ok - an unhandled result survives restart and repeat drains, and only explicit acknowledgement stops its re-announcement
2026-10-09T03:56:05.4197552Z ok - publication cannot race a handled acknowledgement
2026-10-09T03:56:05.6438483Z ok - handled acknowledgement creation is private and fails safely
2026-10-09T03:56:07.3380979Z ok - automatic application waits for durable publication and failed publication remains recoverable
2026-10-09T03:56:10.0309397Z ok - a self-announcing adapter applies quietly and still publishes what it could not apply
2026-10-09T03:56:10.9409795Z not-autohandled: ends-src (left for the handler; still unacknowledged)
2026-10-09T03:56:11.8054860Z ok - an adapter-classified terminal result is captured once, announced, and retires its source automatically
2026-10-09T03:56:12.7061007Z not-autohandled: open-src (left for the handler; still unacknowledged)
2026-10-09T03:56:13.1872534Z ok - a source stays armed unless its own adapter classifies the result terminal
2026-10-09T03:56:15.2100158Z not-autohandled: replace-src (left for the handler; still unacknowledged)
2026-10-09T03:56:15.5830928Z ok - terminal retirement preserves and releases a concurrently replaced registration
2026-10-09T03:56:17.4006070Z ok - failed terminal retirement is fail-closed and idempotently recoverable
2026-10-09T03:56:21.6205772Z ok - one Send & End yields exactly one captured result, automatic retirement, and no recurring poll
2026-10-09T03:56:23.7995662Z ok - an empty board close is captured and recorded handled without ever waking the captain
2026-10-09T03:56:28.8805835Z ok - worker board replies and recovered listeners derive their server from the board session
2026-10-09T03:56:29.8910536Z ok - worker-owned Lavish rounds deliver to the worker, acknowledge on re-arm, and stop at session end
2026-10-09T03:56:31.1415114Z ok - a capture interrupted before its result commit does not wedge its source
2026-10-09T03:56:32.9575901Z ok - an orphaned capture is not acknowledged by a worker it never reached
2026-10-09T03:56:33.8150223Z ok - a worker-owned board is only armed for an owner its feedback can reach
2026-10-09T03:56:38.8335967Z ok - an acknowledged note is never resurrected and stops ringing across repeated reconciles
2026-10-09T03:56:41.3164340Z ok - acknowledging a terminal round concludes that round only
2026-10-09T03:56:43.2845603Z ok - an interrupted conclude leaves the ended board unpollable and finishes on retry
2026-10-09T03:56:46.2903154Z ok - a re-arm that cannot acknowledge its round leaves the running generation alone
2026-10-09T03:56:49.1707035Z ok - a worker-owned board is armed once and re-armed only to acknowledge an open round
2026-10-09T03:56:50.4535412Z ok - a board close carrying the captain's real answer is still announced
2026-10-09T03:57:00.5357017Z ok - the shipped poll governor bounds an instantly returning source
2026-10-09T03:57:03.8109040Z ok - a transient Lavish poll interruption is retried quietly and never announced
2026-10-09T03:57:07.0870958Z ok - a staged worker reply is handed to the board once across quiet poll retries
2026-10-09T03:57:07.1585571Z ok - a listener whose staged reply is gone polls the board without one
2026-10-09T03:57:07.1874696Z ok - a listener that refuses its own setup leaves the staged reply for the next one
2026-10-09T03:57:07.2567313Z ok - a listener whose artifact vanished leaves the staged reply for the next one
2026-10-09T03:57:20.9523346Z ok - an interruption that outlives the bounded retries is captured and announced
2026-10-09T03:57:22.4502628Z ok - only the exact interruption is retried; an unrelated SERVER_ERROR still surfaces
2026-10-09T03:57:23.9569470Z ok - only the literal two-line interruption enters the quiet retry policy
2026-10-09T03:57:24.1015405Z ok - arm rejects malformed and out-of-range retry delays before registration
2026-10-09T03:57:24.1678313Z ok - poll cleanup safely handles an apostrophe-containing TMPDIR
2026-10-09T03:57:25.7733885Z ok - Lavish classification staging stays bounded while nonmatches stream
2026-10-09T03:57:27.7553025Z ok - a drained-but-unhandled result survives a replacement session and is retired only by explicit handling, never twice
2026-10-09T03:57:28.2782475Z ok - pending results preserve numeric order and distinct wake identity
2026-10-09T03:57:30.5574776Z ok - one owner per canonical source across homes
2026-10-09T03:57:30.8678493Z ok - retiring a never-completing source stops its runner and its blocked child
2026-10-09T03:57:31.9112555Z ok - reconcile reaps a runner whose source registration is gone
2026-10-09T03:57:32.8878805Z not-autohandled: stale-src (left for the handler; still unacknowledged)
2026-10-09T03:57:33.1381065Z ok - stale-owner recovery removes abandoned output without displacing a live owner
2026-10-09T03:57:34.1408745Z not-autohandled: cross-home-src (left for the handler; still unacknowledged)
2026-10-09T03:57:34.3799692Z ok - cross-home stale recovery removes abandoned output from the old state directory
2026-10-09T03:57:39.5763442Z not-autohandled: race-src (left for the handler; still unacknowledged)
2026-10-09T03:57:40.4816148Z not-autohandled: race-src (left for the handler; still unacknowledged)
2026-10-09T03:57:40.5976404Z ok - concurrent stale-claim replacement starts exactly one runner
2026-10-09T03:57:43.0287363Z ok - an ambiguous leaderless group is preserved without replacement
2026-10-09T03:57:44.1477775Z ok - a truly dead generation with no surviving group is still safely reclaimed
2026-10-09T03:57:46.2846550Z ok - reconcile reclaims a dead generation whose state-root identity no longer matches
2026-10-09T03:57:46.6405422Z ok - retire releases a dead generation's claim instead of refusing forever
2026-10-09T03:57:48.9538712Z ok - a live generation is never reclaimed, drifted state root or not
2026-10-09T03:57:52.6052099Z ok - a reused pid never makes its surviving process group reclaimable
2026-10-09T03:57:55.0692860Z ok - start reclaims a reused-pid claim whose leftovers can still be tidied
2026-10-09T03:58:05.2420344Z ok - a launch that cannot confirm is announced once per failure episode
2026-10-09T03:58:08.2955899Z ok - a 64-char source id keeps the launch-failed key within the watcher's marker bound
2026-10-09T03:58:11.3672363Z ok - reconcile reports a launch it could not confirm instead of counting it as a start
2026-10-09T03:58:13.6660749Z ok - a launch that finished before confirmation looked is still reported as started
2026-10-09T03:58:14.4624024Z ok - a zero-padded launch confirm window is honored as base 10
2026-10-09T03:58:15.4890127Z ok - an unusable launch confirm window is refused by name instead of blamed on the sources
2026-10-09T03:58:16.6042633Z ok - a dead generation whose leftovers cannot be tidied never keeps owning its source
2026-10-09T03:58:17.8664584Z ok - claim replacement cannot produce a torn ownership snapshot
2026-10-09T03:58:18.4192323Z ok - retirement and start share one serialized lifecycle boundary
2026-10-09T03:58:18.7320353Z ok - detected PID reuse is refused before signalling
2026-10-09T03:58:19.6927234Z ok - transient identity failure preserves the live source for retry
2026-10-09T03:58:21.5703516Z ok - bounded home sweep preflights then retires every locally owned source
2026-10-09T03:58:22.9568645Z ok - home sweep leaves foreign-home claims and runners untouched
2026-10-09T03:58:24.2004161Z ok - home sweep refuses safely until runner identity is readable
2026-10-09T03:58:24.3107676Z ok - healthy runtime behavior remains registration-only
2026-10-09T03:58:25.4320686Z ok - registration rejects unrepresentable newline arguments
2026-10-09T03:58:26.6621014Z ok - nonzero exit with no output stays armed and silent
2026-10-09T03:58:27.7480100Z ok - oversized output is bounded rather than published whole or dropped
2026-10-09T03:58:31.0896288Z ok - live output stays bounded and retirement reaps the whole source group
2026-10-09T03:58:32.2846978Z ok - stop mismatch evidence preserves the proved-stop boundary
2026-10-09T03:58:35.7040581Z ok - stop unreadable evidence preserves the proved-stop boundary
2026-10-09T03:58:39.1197588Z ok - stop unreadable-pgid evidence preserves the proved-stop boundary
2026-10-09T03:58:40.4339936Z ok - stop nonleader evidence preserves the proved-stop boundary
2026-10-09T03:58:41.6620397Z ok - invalid output bounds fail closed
2026-10-09T03:58:41.8557039Z ok - the adapter derives physical identity without newline path corruption
2026-10-09T03:58:42.2643648Z ok - source-only homes trigger the general supervision guard
2026-10-09T03:58:42.4448441Z ok - the adapter classifies published poll output safely
2026-10-09T03:58:42.7354177Z ok - poll derives host and port from the artifact session, not ambient or configured routing
2026-10-09T03:58:43.8387179Z ok - quiet retries use the board session regardless of configuration changes
2026-10-09T03:58:44.1098975Z ok - missing or unreadable session routing preserves replies and never guesses another server
2026-10-09T03:58:44.3612896Z ok - the adapter owns which Lavish results end a source, and payload text cannot forge one
2026-10-09T03:58:44.7818350Z ok - the adapter owns which Lavish results are silent, and fails closed on everything else
2026-10-09T03:58:44.8157843Z not ok - read changed labels or content for unset/single (expected 'MESSAGE
2026-10-09T03:58:44.8158669Z | First line
2026-10-09T03:58:44.8182014Z | MESSAGE
2026-10-09T03:58:44.8182344Z END MESSAGE
2026-10-09T03:58:44.8182529Z 
2026-10-09T03:58:44.8182681Z declared_items: 2
2026-10-09T03:58:44.8183024Z presented_items: 2
2026-10-09T03:58:44.8183337Z malformed_items: 0
2026-10-09T03:58:44.8183540Z complete: yes
2026-10-09T03:58:44.8183752Z lifecycle: feedback
2026-10-09T03:58:44.8183956Z session_ended: (unset)
2026-10-09T03:58:44.8184168Z annotation_count: 1
2026-10-09T03:58:44.8184376Z session_ending_message_count: 1
2026-10-09T03:58:44.8184532Z 
2026-10-09T03:58:44.8184612Z ANNOTATIONS
2026-10-09T03:58:44.8184795Z ANNOTATION 1 of 1
2026-10-09T03:58:44.8184985Z element_uid: el-a
2026-10-09T03:58:44.8185186Z element_selector: section#call
2026-10-09T03:58:44.8185422Z tag: note
2026-10-09T03:58:44.8185591Z text:
2026-10-09T03:58:44.8185763Z | Element text
2026-10-09T03:58:44.8185946Z prompt:
2026-10-09T03:58:44.8186125Z | Typed comment
2026-10-09T03:58:44.8186315Z END ANNOTATIONS
2026-10-09T03:58:44.8186534Z END LAVISH RESULT (2 of 2)', got 'CAPTAIN MESSAGE
2026-10-09T03:58:44.8187357Z | First line
2026-10-09T03:58:44.8187552Z | MESSAGE
2026-10-09T03:58:44.8187970Z END CAPTAIN MESSAGE
2026-10-09T03:58:44.8188106Z 
2026-10-09T03:58:44.8188188Z declared_items: 2
2026-10-09T03:58:44.8188383Z presented_items: 2
2026-10-09T03:58:44.8188579Z malformed_items: 0
2026-10-09T03:58:44.8188765Z complete: yes
2026-10-09T03:58:44.8188954Z lifecycle: feedback
2026-10-09T03:58:44.8189148Z session_ended: (unset)
2026-10-09T03:58:44.8189352Z annotation_count: 1
2026-10-09T03:58:44.8189549Z captain_message_count: 1
2026-10-09T03:58:44.8189689Z 
2026-10-09T03:58:44.8189768Z ANNOTATIONS
2026-10-09T03:58:44.8189954Z ANNOTATION 1 of 1
2026-10-09T03:58:44.8190151Z element_uid: el-a
2026-10-09T03:58:44.8190512Z element_selector: section#call
2026-10-09T03:58:44.8190744Z tag: note
2026-10-09T03:58:44.8190909Z text:
2026-10-09T03:58:44.8191077Z | Element text
2026-10-09T03:58:44.8191260Z prompt:
2026-10-09T03:58:44.8191440Z | Typed comment
2026-10-09T03:58:44.8191629Z END ANNOTATIONS
2026-10-09T03:58:44.8191828Z END LAVISH RESULT (2 of 2)')
2026-10-09T03:58:55.6004688Z FM_TEST_END 2026-10-09T03:58:55Z tests/fm-procevent.test.sh exit=1 duration_ms=176682 gate_skip=false
2026-10-09T03:58:55.6251042Z FM_TEST_BEGIN 2026-10-09T03:58:55Z tests/fm-bearings-snapshot.test.sh family=snapshot-bearings expected_gate_skip=optional-binary
2026-10-09T03:58:56.1911765Z ok - task teardown during metadata capture is omitted without aborting the snapshot
2026-10-09T03:58:56.6584725Z ok - current state and decision hints share one captured status observation
2026-10-09T03:58:57.0267828Z ok - reused live state is discarded when task generation changes
2026-10-09T03:59:09.6747524Z ok - large local snapshot overlaps local reads with byte-identical serial and concurrent projections
2026-10-09T03:59:52.9473985Z ok - remote ledgers collect concurrently under one budget, reuse aged cache, and cancel wedged collectors
2026-10-09T03:59:53.5238145Z ok - a missing remote ledger stays explicitly unreadable without remote summary computation
2026-10-09T03:59:55.2253047Z ok - Domain Alpha structured state overrides a stale parent Phase 7 event
2026-10-09T03:59:56.0891248Z ok - GNU stat file reads select -c without BSD filesystem-report pollution
2026-10-09T03:59:57.8257463Z ok - parent activity evidence is bounded and disclosed
2026-10-09T03:59:59.8082333Z ok - Bearings excludes a status-only child decision
2026-10-09T04:00:01.1947415Z ok - a structured child captain hold reaches Captain's Call
2026-10-09T04:00:03.9774134Z ok - missing, invalid, unreadable, malformed, and unavailable-child homes stay explicit unknowns
2026-10-09T04:00:04.8904727Z ok - oversized ledgers stay strict unknown
2026-10-09T04:00:09.6363891Z ok - secondmate and per-home child counts are bounded, disclosed, and explicitly expandable
2026-10-09T04:00:11.2507522Z ok - parent decisions remain untrusted contradiction evidence
2026-10-09T04:00:13.3323795Z ok - parent evidence reconciliation distinguishes matching holds, blocks, and decisions
2026-10-09T04:00:14.8499641Z not ok - unowned held child lost its classification or decisions: {
2026-10-09T04:00:14.8500375Z   "schema": "fm-fleet-snapshot.v1",
2026-10-09T04:00:14.8500822Z   "generated": "2026-07-11T18:00:00Z",
2026-10-09T04:00:14.8501274Z   "fm_home": "/tmp/fm-bearings.S71frZ/child-state-classification",
2026-10-09T04:00:14.8501763Z   "roots": {
2026-10-09T04:00:14.8502008Z     "fm_root": "/tmp/fm-bearings.S71frZ/fixture-root",
2026-10-09T04:00:14.8502412Z     "state": "/tmp/fm-bearings.S71frZ/child-state-classification/state",
2026-10-09T04:00:14.8503205Z     "data": "/tmp/fm-bearings.S71frZ/child-state-classification/data",
2026-10-09T04:00:14.8504329Z     "config": "/tmp/fm-bearings.S71frZ/child-state-classification/config",
2026-10-09T04:00:14.8505236Z     "projects": "/tmp/fm-bearings.S71frZ/child-state-classification/projects"
2026-10-09T04:00:14.8505830Z   },
2026-10-09T04:00:14.8506122Z   "backlog": {
2026-10-09T04:00:14.8506904Z     "path": "/tmp/fm-bearings.S71frZ/child-state-classification/data/backlog.md",
2026-10-09T04:00:14.8507599Z     "present": false,
2026-10-09T04:00:14.8507967Z     "records": []
2026-10-09T04:00:14.8508575Z   },
2026-10-09T04:00:14.8508920Z   "tasks": [],
2026-10-09T04:00:14.8509323Z   "main_inventory": {
2026-10-09T04:00:14.8509695Z     "valid": true,
2026-10-09T04:00:14.8510049Z     "reason": null,
2026-10-09T04:00:14.8510409Z     "orphan_in_flight": [],
2026-10-09T04:00:14.8510895Z     "unstructured_current_count": 0
2026-10-09T04:00:14.8511301Z   },
2026-10-09T04:00:14.8511603Z   "contributions": {
2026-10-09T04:00:14.8511955Z     "known": 0,
2026-10-09T04:00:14.8512294Z     "checked": 0,
2026-10-09T04:00:14.8512635Z     "counts": {
2026-10-09T04:00:14.8512968Z       "captain": 0,
2026-10-09T04:00:14.8513600Z       "fleet": 0,
2026-10-09T04:00:14.8513944Z       "maintainer": 0,
2026-10-09T04:00:14.8514298Z       "nobody": 0
2026-10-09T04:00:14.8514617Z     },
2026-10-09T04:00:14.8514932Z     "unmeasured": 0,
2026-10-09T04:00:14.8515273Z     "complete": false,
2026-10-09T04:00:14.8515641Z     "proven_clear": false,
2026-10-09T04:00:14.8516028Z     "stale_verdicts": 0,
2026-10-09T04:00:14.8516419Z     "missing_verdicts": 0,
2026-10-09T04:00:14.8517074Z     "unreadable_records": 1,
2026-10-09T04:00:14.8517320Z     "valid_until": 900,
2026-10-09T04:00:14.8517531Z     "captain": [],
2026-10-09T04:00:14.8517735Z     "captain_omitted": 0
2026-10-09T04:00:14.8517935Z   },
2026-10-09T04:00:14.8518107Z   "scout_reports": [],
2026-10-09T04:00:14.8518319Z   "secondmate_current": {
2026-10-09T04:00:14.8518539Z     "registry": {
2026-10-09T04:00:14.8518728Z       "present": true,
2026-10-09T04:00:14.8518932Z       "available": true,
2026-10-09T04:00:14.8519139Z       "reason": null,
2026-10-09T04:00:14.8519367Z       "provenance": "registered-table",
2026-10-09T04:00:14.8519789Z       "path": "/tmp/fm-bearings.S71frZ/child-state-classification/data/secondmates.md",
2026-10-09T04:00:14.8520257Z       "freshness": {
2026-10-09T04:00:14.8520523Z         "status": "fresh",
2026-10-09T04:00:14.8520815Z         "observed_at": "2026-07-11T18:00:00Z"
2026-10-09T04:00:14.8521139Z       },
2026-10-09T04:00:14.8521371Z       "records": [
2026-10-09T04:00:14.8521610Z         {
2026-10-09T04:00:14.8521842Z           "id": "states",
2026-10-09T04:00:14.8522198Z           "home": "/tmp/fm-bearings.S71frZ/child-state-classification-home",
2026-10-09T04:00:14.8522557Z           "host": null,
2026-10-09T04:00:14.8522758Z           "root": null,
2026-10-09T04:00:14.8522967Z           "remote": false,
2026-10-09T04:00:14.8523187Z           "registered": true,
2026-10-09T04:00:14.8523418Z           "registry_error": null
2026-10-09T04:00:14.8523638Z         }
2026-10-09T04:00:14.8523804Z       ],
2026-10-09T04:00:14.8523993Z       "input_truncated": false,
2026-10-09T04:00:14.8524240Z       "records_truncated": false,
2026-10-09T04:00:14.8524476Z       "complete": true,
2026-10-09T04:00:14.8524679Z       "reasons": [],
2026-10-09T04:00:14.8524879Z       "lines_in_window": 1,
2026-10-09T04:00:14.8525103Z       "records_in_window": 1
2026-10-09T04:00:14.8525316Z     },
2026-10-09T04:00:14.8525487Z     "records": [
2026-10-09T04:00:14.8525672Z       {
2026-10-09T04:00:14.8525843Z         "id": "states",
2026-10-09T04:00:14.8526143Z         "home": "/tmp/fm-bearings.S71frZ/child-state-classification-home",
2026-10-09T04:00:14.8526500Z         "host": null,
2026-10-09T04:00:14.8527011Z         "remote": false,
2026-10-09T04:00:14.8527246Z         "registered": true,
2026-10-09T04:00:14.8527476Z         "spawn_gen": null,
2026-10-09T04:00:14.8527692Z         "current": {
2026-10-09T04:00:14.8527909Z           "state": "captain_decision",
2026-10-09T04:00:14.8528449Z           "reason": "structured home state invalid: task metadata has no current backlog item or recorded completion: parked=parked"
2026-10-09T04:00:14.8529004Z         },
2026-10-09T04:00:14.8529190Z         "invalidity": {
2026-10-09T04:00:14.8529409Z           "kind": "unowned_current",
2026-10-09T04:00:14.8529649Z           "ids": [
2026-10-09T04:00:14.8529843Z             "parked"
2026-10-09T04:00:14.8530037Z           ]
2026-10-09T04:00:14.8530221Z         },
2026-10-09T04:00:14.8530586Z         "reconcile_inventory": {
2026-10-09T04:00:14.8530842Z           "kind": "unowned_current",
2026-10-09T04:00:14.8531079Z           "ids": [
2026-10-09T04:00:14.8531264Z             "parked"
2026-10-09T04:00:14.8531452Z           ]
2026-10-09T04:00:14.8531616Z         },
2026-10-09T04:00:14.8531796Z         "provenance": {
2026-10-09T04:00:14.8532021Z           "selected": "structured-home",
2026-10-09T04:00:14.8532428Z           "structured_home": "/tmp/fm-bearings.S71frZ/child-state-classification-home",
2026-10-09T04:00:14.8532849Z           "summary_source": "local-ledger",
2026-10-09T04:00:14.8533252Z           "summary_valid": false,
2026-10-09T04:00:14.8533504Z           "trust": "partial-structured",
2026-10-09T04:00:14.8533791Z           "parent_event_role": "historical-only"
2026-10-09T04:00:14.8534053Z         },
2026-10-09T04:00:14.8534231Z         "freshness": {
2026-10-09T04:00:14.8534473Z           "status": "fresh",
2026-10-09T04:00:14.8534750Z           "observed_at": "2026-07-11T18:00:00Z",
2026-10-09T04:00:14.8535090Z           "age_seconds": 0
2026-10-09T04:00:14.8535341Z         },
2026-10-09T04:00:14.8535582Z         "active_children": [],
2026-10-09T04:00:14.8535886Z         "decisions_open": [
2026-10-09T04:00:14.8536161Z           {
2026-10-09T04:00:14.8536384Z             "id": "parked",
2026-10-09T04:00:14.8536899Z             "key": "parked",
2026-10-09T04:00:14.8537294Z             "verb": "needs-decision",
2026-10-09T04:00:14.8537627Z             "summary": "choose a route",
2026-10-09T04:00:14.8537879Z             "reason": null,
2026-10-09T04:00:14.8538102Z             "source": "status"
2026-10-09T04:00:14.8538315Z           }
2026-10-09T04:00:14.8538482Z         ],
2026-10-09T04:00:14.8538657Z         "holds": [],
2026-10-09T04:00:14.8538855Z         "queued": [],
2026-10-09T04:00:14.8539065Z         "contributions": {
2026-10-09T04:00:14.8539278Z           "known": 0,
2026-10-09T04:00:14.8539473Z           "checked": 0,
2026-10-09T04:00:14.8539676Z           "counts": {
2026-10-09T04:00:14.8539875Z             "captain": 0,
2026-10-09T04:00:14.8540088Z             "fleet": 0,
2026-10-09T04:00:14.8540294Z             "maintainer": 0,
2026-10-09T04:00:14.8540540Z             "nobody": 0
2026-10-09T04:00:14.8540738Z           },
2026-10-09T04:00:14.8540920Z           "unmeasured": 0,
2026-10-09T04:00:14.8541138Z           "complete": true,
2026-10-09T04:00:14.8541365Z           "proven_clear": true,
2026-10-09T04:00:14.8541597Z           "stale_verdicts": 0,
2026-10-09T04:00:14.8541830Z           "missing_verdicts": 0,
2026-10-09T04:00:14.8542072Z           "unreadable_records": 0,
2026-10-09T04:00:14.8542319Z           "valid_until": 900,
2026-10-09T04:00:14.8542560Z           "captain": [],
2026-10-09T04:00:14.8542780Z           "captain_omitted": 0
2026-10-09T04:00:14.8542993Z         },
2026-10-09T04:00:14.8543167Z         "landed": [],
2026-10-09T04:00:14.8543366Z         "endpoints": [
2026-10-09T04:00:14.8543559Z           {
2026-10-09T04:00:14.8543739Z             "id": "parked",
2026-10-09T04:00:14.8543962Z             "state": "parked",
2026-10-09T04:00:14.8544194Z             "source": "status-log",
2026-10-09T04:00:14.8544435Z             "endpoint": {
2026-10-09T04:00:14.8544673Z               "target": "firstmate:fm-parked",
2026-10-09T04:00:14.8544947Z               "exists": true,
2026-10-09T04:00:14.8545189Z               "agent_alive": "not_checked",
2026-10-09T04:00:14.8545454Z               "status": "unknown",
2026-10-09T04:00:14.8545709Z               "observed_at": "2026-07-11T18:00:00Z",
2026-10-09T04:00:14.8545985Z               "freshness": "fresh"
2026-10-09T04:00:14.8546216Z             }
2026-10-09T04:00:14.8546391Z           }
2026-10-09T04:00:14.8546558Z         ],
2026-10-09T04:00:14.8546961Z         "counts": {
2026-10-09T04:00:14.8547171Z           "completed_retained": 0,
2026-10-09T04:00:14.8547416Z           "active_children": 0,
2026-10-09T04:00:14.8547650Z           "decisions_open": 1,
2026-10-09T04:00:14.8548031Z           "holds": 0,
2026-10-09T04:00:14.8548233Z           "queued": 0,
2026-10-09T04:00:14.8548429Z           "landed": 0,
2026-10-09T04:00:14.8548627Z           "endpoints": 1
2026-10-09T04:00:14.8548833Z         },
2026-10-09T04:00:14.8549007Z         "omitted": [],
2026-10-09T04:00:14.8549211Z         "parent_event": {
2026-10-09T04:00:14.8549423Z           "raw": "",
2026-10-09T04:00:14.8549613Z           "note": "",
2026-10-09T04:00:14.8549811Z           "age_seconds": null,
2026-10-09T04:00:14.8550043Z           "open_activities": [],
2026-10-09T04:00:14.8550280Z           "open_decisions": [],
2026-10-09T04:00:14.8550642Z           "activity_scan": {
2026-10-09T04:00:14.8550865Z             "records": [],
2026-10-09T04:00:14.8551081Z             "available": true,
2026-10-09T04:00:14.8551313Z             "input_truncated": false,
2026-10-09T04:00:14.8551575Z             "retained_truncated": false,
2026-10-09T04:00:14.8551828Z             "reasons": [],
2026-10-09T04:00:14.8552048Z             "lines_in_window": 0,
2026-10-09T04:00:14.8552285Z             "records_in_window": 0
2026-10-09T04:00:14.8552509Z           },
2026-10-09T04:00:14.8552697Z           "reconciliation": {
2026-10-09T04:00:14.8552975Z             "provenance": "parent-status-keyed-fold",
2026-10-09T04:00:14.8553286Z             "trust": "untrusted-supplement",
2026-10-09T04:00:14.8553591Z             "activities": [],
2026-10-09T04:00:14.8553816Z             "decisions": [],
2026-10-09T04:00:14.8554044Z             "contradiction": false,
2026-10-09T04:00:14.8554292Z             "inconclusive": false
2026-10-09T04:00:14.8554515Z           }
2026-10-09T04:00:14.8554688Z         },
2026-10-09T04:00:14.8554868Z         "terminal_evidence": {
2026-10-09T04:00:14.8555148Z           "provenance": "parent-direct-report-terminal",
2026-10-09T04:00:14.8555471Z           "trust": "untrusted-supplement",
2026-10-09T04:00:14.8555743Z           "captured": false,
2026-10-09T04:00:14.8555982Z           "observed_at": "2026-07-11T18:00:00Z",
2026-10-09T04:00:14.8556271Z           "freshness": "not-collected",
2026-10-09T04:00:14.8556553Z           "reason": "no useful contradiction check",
2026-10-09T04:00:14.8557153Z           "lines": 0,
2026-10-09T04:00:14.8557364Z           "bytes": 0,
2026-10-09T04:00:14.8557573Z           "event_note_seen": false,
2026-10-09T04:00:14.8557826Z           "contradiction": false
2026-10-09T04:00:14.8558050Z         },
2026-10-09T04:00:14.8558235Z         "contradiction": false
2026-10-09T04:00:14.8558455Z       }
2026-10-09T04:00:14.8558625Z     ],
2026-10-09T04:00:14.8558809Z     "total_registered": 1,
2026-10-09T04:00:14.8559034Z     "total": 1,
2026-10-09T04:00:14.8559223Z     "shown": 1,
2026-10-09T04:00:14.8559406Z     "truncated": 0
2026-10-09T04:00:14.8559588Z   },
2026-10-09T04:00:14.8559764Z   "secondmate_landed": {
2026-10-09T04:00:14.8559979Z     "records": [],
2026-10-09T04:00:14.8560169Z     "truncated": [],
2026-10-09T04:00:14.8560365Z     "unreadable": [],
2026-10-09T04:00:14.8560564Z     "partial": [
2026-10-09T04:00:14.8560849Z       "/tmp/fm-bearings.S71frZ/child-state-classification-home"
2026-10-09T04:00:14.8561186Z     ]
2026-10-09T04:00:14.8561350Z   },
2026-10-09T04:00:14.8561531Z   "secondmate_guidance": {
2026-10-09T04:00:14.8562342Z     "note": "For kind=secondmate, bearings selects validated structured state from that registered home; parent events and bounded terminal evidence are fallback-only supplements and never current-state authority."
2026-10-09T04:00:14.8563161Z   }
2026-10-09T04:00:14.8563328Z }
2026-10-09T04:00:14.9158727Z FM_TEST_END 2026-10-09T04:00:14Z tests/fm-bearings-snapshot.test.sh exit=1 duration_ms=79284 gate_skip=false
2026-10-09T04:00:14.9404171Z FM_TEST_BEGIN 2026-10-09T04:00:14Z tests/fm-remote-job.test.sh family=secondmate expected_gate_skip=none
2026-10-09T04:00:19.9610476Z ok - default: result and command samples use 0.25 seconds; dispatcher uses four 0.05-second waits then one second
2026-10-09T04:00:24.4127913Z ok - legacy: result and command samples use 0.07 seconds; dispatcher uses four 0.07-second waits then one second
2026-10-09T04:00:28.9375432Z ok - active: result and command samples use 0.12 seconds; dispatcher uses four 0.07-second waits then one second
2026-10-09T04:00:29.0202852Z ok - default queue and execution bounds independently cover long polls
2026-10-09T04:00:29.0332290Z ok - operator PATH excludes a symlinked local bin
2026-10-09T04:00:29.0622681Z ok - operator PATH honors nvm defaults with a deterministic fallback
2026-10-09T04:00:29.0745017Z ok - operator PATH resolves the authorized Nix profile bin link
2026-10-09T04:00:29.0969777Z ok - operator PATH orders discovered tool installs deterministically
2026-10-09T04:00:30.1757006Z ok - the worker preserves bounded argv and stdin in an empty environment
2026-10-09T04:00:35.3579693Z ok - active jobs keep the worker ready for concurrent requests
2026-10-09T04:00:37.0065485Z ok - ensure replaces a live worker after its code changes
2026-10-09T04:00:38.9465928Z ok - worker identity binds the canonical configured code root
2026-10-09T04:00:39.3861096Z ok - stale ownership is reclaimed without signaling a reused pid
2026-10-09T04:00:41.3148759Z ok - the worker enforces the job timeout and publishes its result
2026-10-09T04:00:43.4264246Z ok - the worker expires queued jobs before they can mutate
2026-10-09T04:00:50.3044278Z ok - queued jobs receive a fresh bounded execution window
2026-10-09T04:00:53.2597455Z ok - a queued short command preempts a running long poll instead of waiting its window
2026-10-09T04:00:54.4307372Z ok - a poll re-armed after preemption reads the same cursor with nothing lost
2026-10-09T04:01:03.7607968Z ok - sibling polls never preempt each other into a re-arm churn loop
2026-10-09T04:01:10.3295192Z ok - worker shutdown terminates the active command tree before replacement
2026-10-09T04:01:16.2408081Z ok - Linux supervision recovers crashes and stops orphaned commands
2026-10-09T04:01:21.4550380Z ok - pre-execution validation obeys the job timeout
2026-10-09T04:01:22.6300939Z ok - the worker drains bounded output without changing command results
2026-10-09T04:01:24.1934004Z ok - the worker refuses symlinked job fields before command execution
2026-10-09T04:01:29.7011041Z ok - failed shutdown quarantines ownership against replacement workers
2026-10-09T04:01:40.2160691Z ok - quarantine recovery refuses unverifiable supervisors and ignores reused pids
2026-10-09T04:01:40.5273586Z ok - a repeatedly signalled shutdown still releases ownership for the next worker
2026-10-09T04:01:52.5210908Z ok - TERM after ownership loss stops the serving worker
2026-10-09T04:01:54.6754388Z ok - TERM after ownership loss still stops the active command tree
2026-10-09T04:01:57.5718452Z ok - a lost owner terminates without stopping the replacement owner's work
2026-10-09T04:02:00.3995691Z ok - an ousted worker in shutdown leaves the replacement quarantine untouched
2026-10-09T04:02:07.6305674Z ok - an idle worker sleeps out a second between passes instead of busy-polling
2026-10-09T04:02:12.4097441Z ok - an idle worker keeps its readiness heartbeat fresh between passes
2026-10-09T04:02:14.0795318Z ok - an idle worker claims and publishes a staged job within a few seconds
2026-10-09T04:02:15.5558513Z ok - an idle worker still repairs queue permissions and stops promptly on TERM
2026-10-09T04:02:15.5723569Z ok - the fork-free state read keeps every malformed-record rejection
2026-10-09T04:02:15.5846339Z ok - the builtin record reads bound bytes, not characters, in a UTF-8 locale
2026-10-09T04:02:21.4340003Z ok - the lane scan reads staged records without execs and honors home isolation
2026-10-09T04:02:22.1938580Z ok - a same-home queued command still preempts the poll through the builtin scan
2026-10-09T04:02:23.1609249Z ok - the lane scan bounds argv in bytes, not characters, in a UTF-8 locale
2026-10-09T04:02:26.8375957Z ok - barely healthy worker failures remain bounded by the restart guard
2026-10-09T04:02:26.8376907Z ALL TESTS PASSED
2026-10-09T04:02:26.9148109Z FM_TEST_END 2026-10-09T04:02:26Z tests/fm-remote-job.test.sh exit=0 duration_ms=131966 gate_skip=false
2026-10-09T04:02:26.9385614Z FM_TEST_BEGIN 2026-10-09T04:02:26Z tests/fm-sessionstart-nudge.test.sh family=session-bootstrap expected_gate_skip=none
2026-10-09T04:02:27.0018970Z ok - fm-sessionstart-nudge: a genuine primary gets one explicitly marked instruction line
2026-10-09T04:02:27.0174663Z ok - fm-sessionstart-nudge: NO_MISTAKES_GATE is silent
2026-10-09T04:02:27.0601810Z ok - fm-sessionstart-nudge: .no-mistakes gate common-dir is silent
2026-10-09T04:02:27.1040962Z ok - fm-sessionstart-nudge: an unmarked linked task worktree is silent
2026-10-09T04:02:27.1432830Z ok - fm-sessionstart-nudge: a marked linked secondmate home is a primary
2026-10-09T04:02:27.1660991Z ok - fm-sessionstart-nudge: a checkout without state is silent
2026-10-09T04:02:27.2034065Z ok - fm-sessionstart-nudge: a lock holder in process ancestry is already run
2026-10-09T04:02:27.2058641Z # skip: unprivileged PID namespaces are unavailable here, so the namespace pid 1 lock owner is unverified
2026-10-09T04:02:27.2639409Z ok - OpenCode session.created delivers the exact wrapper nudge once per session
2026-10-09T04:02:29.6529079Z ok - run wrapper: startup runs the full digest and never also nudges
2026-10-09T04:02:37.9001654Z ok - run wrapper: clear and compact re-emit the digest without repeating startup sweeps
2026-10-09T04:02:44.0648708Z ok - run wrapper forwards only stale-cache rebuild sources to immutable-baseline instruction refresh
2026-10-09T04:02:46.4959657Z ok - run wrapper refreshes a compact even when startup completion is unproven
2026-10-09T04:02:48.9175373Z ok - run wrapper: clear falls back to full startup when completion is unproven
2026-10-09T04:02:51.7974443Z ok - run wrapper: clear accepts completion only from the current harness
2026-10-09T04:02:51.8352649Z ok - run wrapper: resume delegates to the nudge instead of re-running the digest
2026-10-09T04:02:56.2309543Z ok - run wrapper: the hook payload's source field drives routing with no explicit argument
2026-10-09T04:03:01.2063687Z ok - run wrapper: an unrecognized or absent source takes the helm rather than skipping it
2026-10-09T04:03:01.2927792Z ok - run wrapper: ordinary ineligible opens stay silent-zero and Pi preflight gets an explicit silent stand-down
2026-10-09T04:03:03.8212861Z ok - run wrapper: a fresh primary checkout gets its missing state dir created, a linked worktree still does not
2026-10-09T04:03:03.8542252Z ok - run wrapper: a fresh primary that cannot create its state dir says so on stderr, then stands down
2026-10-09T04:03:05.0188624Z ok - run wrapper: a session start that cannot take the lock still opens the session and says so
2026-10-09T04:03:21.0874620Z ok - Pi distinguishes header-proven restored CLI sessions from named create-if-missing startups
2026-10-09T04:03:39.6518739Z ok - Pi provider preflight owns one generation-bound startup prerequisite with deterministic fallback, replacement, cancellation, timeout, and truncation
2026-10-09T04:03:41.9439879Z ok - Pi reload shutdown releases its exit listener and stale startup generation
2026-10-09T04:03:42.3258247Z ok - Pi retains a bounded digest prefix and loudly marks oversized preflight delivery
2026-10-09T04:03:42.4710163Z FM_TEST_END 2026-10-09T04:03:42Z tests/fm-sessionstart-nudge.test.sh exit=0 duration_ms=75525 gate_skip=false
2026-10-09T04:03:42.4941446Z FM_TEST_BEGIN 2026-10-09T04:03:42Z tests/fm-inactive-reconcile.test.sh family=watcher-wake-lock expected_gate_skip=none
2026-10-09T04:03:42.8612899Z actionable: inactive terminal outcome awaiting captain presentation: child=child state=done pr=https://example.test/owner/repo/pull/1
2026-10-09T04:03:44.2826383Z ok - main direct terminal presentation has a durable receipt
2026-10-09T04:03:44.6162873Z actionable: inactive terminal outcome awaiting captain presentation: child=child state=done pr=https://example.test/owner/repo/pull/1
2026-10-09T04:03:44.7132185Z not ok - branch grant publication failed
2026-10-09T04:03:44.7505851Z FM_TEST_END 2026-10-09T04:03:44Z tests/fm-inactive-reconcile.test.sh exit=1 duration_ms=2251 gate_skip=false
2026-10-09T04:03:44.7740857Z FM_TEST_BEGIN 2026-10-09T04:03:44Z tests/fm-secondmate-sync.test.sh family=secondmate expected_gate_skip=none
2026-10-09T04:03:44.8925353Z ok - T1 updated: a behind home fast-forwards to the primary's local HEAD
2026-10-09T04:03:44.9471622Z ok - T2 current: an already-current home is a no-op and reports no instruction change
2026-10-09T04:03:45.0031240Z ok - T3 dirty: an uncommitted home is skipped, its edit preserved
2026-10-09T04:03:45.0815039Z ok - scratchpad2/ does not mark a secondmate home dirty for the sync guard
2026-10-09T04:03:45.1489311Z ok - T4 diverged: a home that is not an ancestor of the primary's HEAD is skipped
2026-10-09T04:03:45.2091765Z ok - T5 in-flight: a home on a feature branch is skipped, its work preserved
2026-10-09T04:03:45.3165955Z ok - T6 no fetch: the local-HEAD sync never invokes git fetch
2026-10-09T04:03:45.4071833Z ok - T7 sweep nudges on a real instruction change only, but still fast-forwards
2026-10-09T04:03:48.4498898Z ok - T8 bootstrap sweeps live homes and sends exactly one marked nudge for the instruction change
2026-10-09T04:03:50.0568413Z ok - T8a bootstrap nudge send respects FM_STATE_OVERRIDE
2026-10-09T04:03:50.3916010Z ok - T8f bootstrap nudge retry rejects malformed marker ids
2026-10-09T04:03:51.8960136Z ok - T8c failed bootstrap nudge is surfaced and recorded for retry
2026-10-09T04:03:56.1598044Z ok - T8d bootstrap nudge retry is idempotent after success
2026-10-09T04:03:58.3243366Z ok - T8e bootstrap nudge retry refuses a changed home instead of guessing
2026-10-09T04:04:01.2968884Z ok - T8b a stale herdr endpoint cannot lose a durably enqueued nudge, and fm-<id> resolves through post-respawn metadata
2026-10-09T04:04:02.0051970Z ok - T9 bootstrap surfaces a skipped dirty live secondmate home
2026-10-09T04:04:02.5228198Z ok - T10 spawn fast-forwards a secondmate worktree to the primary's local HEAD before launch
2026-10-09T04:04:03.0271438Z ok - T11 spawn warns when pre-launch sync is skipped
2026-10-09T04:04:03.0882914Z ok - T12 gitignored marker: a freshly seeded home reads clean to fleet-sync and the ff sweep
2026-10-09T04:04:03.1766920Z ok - T13 gitignored marker: an existing marker-only-dirty home converges, then reads clean
2026-10-09T04:04:03.2366569Z ok - T14 marker tolerance does not mask a genuinely dirty home
2026-10-09T04:04:03.4634599Z ok - R1 a remote home ahead of the host's Firstmate copy still advances to the primary's commit
2026-10-09T04:04:04.0051893Z ok - R1b a remote sync names exactly which instruction paths its advance changed
2026-10-09T04:04:04.2415762Z ok - R2 a missing target is imported from the host's Firstmate copy without moving it
2026-10-09T04:04:04.4920015Z ok - R3 a target neither side holds is imported from the home's own origin
2026-10-09T04:04:04.7124610Z ok - R4 an already-present target advances the home with no fetch available
2026-10-09T04:04:04.8724074Z ok - R5 a target neither the host copy nor the origin holds skips with an actionable reason
2026-10-09T04:04:05.3019902Z ok - R6 dirty, diverged, and feature-branch remote homes skip and are left untouched
2026-10-09T04:04:05.5580837Z ok - R7 a sync with no target still follows the host's own refreshed Firstmate copy
2026-10-09T04:04:38.6809862Z ok - R8 session start converges a remote home on the primary's default-branch commit
2026-10-09T04:04:40.7070669Z ok - R10 a host too old for a parent-targeted sync is reported with the command that fixes it
2026-10-09T04:04:41.5701476Z ok - R9 a remote launch leaves the home on the parent's commit while an ordinary spawn follows its own checkout
2026-10-09T04:04:41.5702594Z # all fm-secondmate-sync tests passed
2026-10-09T04:04:42.0489713Z FM_TEST_END 2026-10-09T04:04:42Z tests/fm-secondmate-sync.test.sh exit=0 duration_ms=57266 gate_skip=false
2026-10-09T04:04:42.0739600Z FM_TEST_BEGIN 2026-10-09T04:04:42Z tests/fm-muse-harness.test.sh family=pure-contract-unit expected_gate_skip=none
2026-10-09T04:04:48.1267945Z ok - Muse preflight respects the allowlist while retaining stored authentication
2026-10-09T04:04:48.2646967Z ok - muse is detected through any versioned muse-bin ancestor
2026-10-09T04:04:49.1238759Z ok - muse detection does not claim unrelated muse-containing commands
2026-10-09T04:04:52.0423434Z ok - muse launch clears foreign harness markers before ancestry detection
2026-10-09T04:04:54.9165356Z ok - muse spawn launches with autonomy, privacy control, and a positional brief
2026-10-09T04:05:12.2111121Z ok - muse maps the shared effort vocabulary and reaches ultra only via explicit max
2026-10-09T04:05:12.4778015Z ok - muse spawn refuses when no credential can reach the provider
2026-10-09T04:05:12.7399230Z ok - muse spawn refuses a META_API_KEY that cannot reach the worker
2026-10-09T04:05:15.6080955Z ok - muse spawn accepts a stored credential without META_API_KEY
2026-10-09T04:05:18.4911648Z ok - muse resolves relative XDG roots before preflight and launch
2026-10-09T04:05:18.7413750Z ok - muse is refused as a secondmate harness
2026-10-09T04:05:23.4700029Z ok - muse spawn writes a session binding that teardown removes
2026-10-09T04:05:26.3922449Z ok - every accepted muse Escape alias clears the restored composer
2026-10-09T04:05:27.1061912Z ok - the composer clear is scoped to muse and does not touch other adapters
2026-10-09T04:05:27.8285657Z ok - a failed muse composer clear fails loudly instead of leaving stale input
2026-10-09T04:05:27.8802726Z ok - the run fold tracks open, settled, interrupted, reopened, and run-free logs
2026-10-09T04:05:27.8924607Z ok - a nested terminal record never settles an in-flight run
2026-10-09T04:05:27.9992339Z ok - the session binding folds only the log matching this task's worktree
2026-10-09T04:05:28.0560407Z ok - workspace bindings compare decoded paths literally
2026-10-09T04:05:28.1191279Z ok - spawn-time exclusions select the current session across equal mtimes
2026-10-09T04:05:28.3666320Z ok - the Muse session cache avoids rescans and refreshes safely across incarnations
2026-10-09T04:05:28.6591304Z ok - a changed Muse namespace revalidates cached session uniqueness
2026-10-09T04:05:28.7922083Z ok - sub-agent session logs are excluded from the parent's busy fold
2026-10-09T04:05:28.8686565Z ok - every unproven muse binding classifies unknown rather than idle
2026-10-09T04:05:28.9781384Z ok - a settled session log reads idle for both completed and interrupted turns
2026-10-09T04:05:28.9807128Z ok - muse trusts no busy record source
2026-10-09T04:05:29.1387691Z FM_TEST_END 2026-10-09T04:05:29Z tests/fm-muse-harness.test.sh exit=0 duration_ms=47056 gate_skip=false
2026-10-09T04:05:29.1637461Z FM_TEST_BEGIN 2026-10-09T04:05:29Z tests/fm-remote-job-claim-retention.test.sh family=unclassified expected_gate_skip=none
2026-10-09T04:05:29.3076100Z ok - claim sweep preserves numeric-name eligibility and whole-second expiry
2026-10-09T04:05:29.3377400Z FM_TEST_END 2026-10-09T04:05:29Z tests/fm-remote-job-claim-retention.test.sh exit=0 duration_ms=166 gate_skip=false
2026-10-09T04:05:29.3630062Z FM_TEST_BEGIN 2026-10-09T04:05:29Z tests/fm-teardown-endpoint-safety.test.sh family=backend-dispatch expected_gate_skip=none
2026-10-09T04:05:32.1394124Z ok - fm-teardown: missing, empty, malformed, ambiguous, and task-mismatched endpoints refuse before every mutation or runtime call
2026-10-09T04:05:32.5368057Z ok - fm-teardown: a concurrent lifecycle action refuses before mutation
2026-10-09T04:05:33.9814494Z ok - fm-teardown: non-pool cleanup ignores unrelated task publication locks
2026-10-09T04:05:35.5200885Z ok - fm-teardown: destructive cleanup serializes with metadata writers
2026-10-09T04:05:35.7343034Z ok - cleanup identity: valid tmux, Herdr, Zellij, Orca, and cmux records validate while every empty backend target refuses
2026-10-09T04:05:35.7863180Z ok - cleanup identity: an Orca record's real composite worktree id validates while a separatorless or newline-carrying id refuses
2026-10-09T04:05:35.8111016Z ok - tmux backend: direct empty target returns nonzero without invoking tmux
2026-10-09T04:05:35.8356911Z ok - process cleanup: creation-time PID identity removes only the exact child and preserves the control child
2026-10-09T04:05:38.0036148Z ok - fm-teardown: exact tmux cleanup preserves invalid and prefix-matched neighbors while removing only the recorded target
2026-10-09T04:05:40.3446980Z ok - fm-teardown: a close that genuinely failed refuses and keeps the record naming the surviving endpoint, and the same teardown finishes once the close works
2026-10-09T04:05:42.6862084Z ok - fm-teardown: --force continues past a close it could not make while still reporting it, and the same case refuses without --force
2026-10-09T04:05:46.7270817Z ok - fm-teardown: a close re-read that could not run refuses, while a definitively absent session or server still completes silently
2026-10-09T04:05:47.9977321Z ok - fm-teardown: forced secondmate cleanup still refuses on a child endpoint close that failed
2026-10-09T04:05:53.1784277Z ok - fm-teardown: an Orca close its missing CLI never attempted refuses even under --force, keeping the record naming the terminal
2026-10-09T04:05:54.7299910Z ok - fm-teardown: an already-exited endpoint, and a server that is already gone, still complete cleanup silently
2026-10-09T04:05:54.7993452Z ok - Treehouse locking resolves a bare local origin against its source project, matching the provisioned clone
2026-10-09T04:05:57.8738569Z ok - fm-teardown: a pool slot named by a second task record is never returned, killed, or reset
2026-10-09T04:05:58.9175048Z ok - fm-teardown: a pool slot held by another firstmate home is never returned
2026-10-09T04:06:00.6432130Z ok - fm-teardown: a task that solely holds its slot still returns it
2026-10-09T04:06:02.4355043Z ok - fm-teardown: state directory identity - physical
2026-10-09T04:06:03.4805461Z ok - fm-teardown: state directory identity - competing-local
2026-10-09T04:06:04.5260263Z ok - fm-teardown: state directory identity - competing-home
2026-10-09T04:06:05.5379329Z ok - fm-teardown: state directory identity - alias-local
2026-10-09T04:06:06.5604022Z ok - fm-teardown: state directory identity - alias-home
2026-10-09T04:06:06.9087957Z ok - fm-teardown: state directory identity - symlink-meta
2026-10-09T04:06:07.9203583Z ok - fm-teardown: state directory identity - hardlink-meta
2026-10-09T04:06:09.6884140Z ok - fm-teardown: state directory identity - alias
2026-10-09T04:06:13.9025541Z ok - fm-teardown: a pool slot claimed by another task is left alone while the task's own cleanup finishes
2026-10-09T04:06:16.8800106Z ok - fm-teardown: a stale record on a claimed slot retires, then the claimant tears down
2026-10-09T04:06:19.9010658Z ok - fm-teardown: a task's own slot claim, and an unclaimed slot, both still tear down
2026-10-09T04:06:21.4320699Z ok - fm-teardown: an exact recorded endpoint still tears down after changing cwd outside its worktree
2026-10-09T04:06:21.6243775Z ok - Treehouse project locking anchors at the local root for main-home, local-secondmate, and remote-seeded layouts
2026-10-09T04:06:23.1221273Z ok - fm-teardown: a remote-seeded secondmate home returns its own uncontested pool slot
2026-10-09T04:06:24.2043677Z ok - fm-teardown: slot ownership across a remote-seeded home and its local child still refuses
2026-10-09T04:06:24.6811336Z ok - Treehouse project locking still serializes two homes across the remote-seeded boundary
2026-10-09T04:06:24.9097021Z FM_TEST_END 2026-10-09T04:06:24Z tests/fm-teardown-endpoint-safety.test.sh exit=0 duration_ms=55538 gate_skip=false
2026-10-09T04:06:24.9335876Z FM_TEST_BEGIN 2026-10-09T04:06:24Z tests/fm-daemon.test.sh family=watcher-wake-lock expected_gate_skip=none
2026-10-09T04:06:25.0524030Z ok - fm-afk-start.sh fails before daemon startup when the afk flag cannot be written
2026-10-09T04:06:25.1954077Z ok - fm-afk-start.sh ignores stale pidfile-only live pids
2026-10-09T04:06:25.3503266Z ok - fm-afk-start.sh reclaims stale daemon locks whose live pid identity no longer matches
2026-10-09T04:06:25.3583532Z ok - supervise daemon state root is scoped by FM_HOME
2026-10-09T04:06:25.4107444Z ok - routine signal self-handles
2026-10-09T04:06:25.8203101Z ok - captain-relevant status verbs escalate
2026-10-09T04:06:25.8224698Z ok - check + unknown escalate; heartbeat self-handles
2026-10-09T04:06:27.1058651Z ok - a delivered unknown wake is acknowledged once per away session; a new one and ordinary escalations still fire
2026-10-09T04:06:28.3423890Z ok - a failed unknown-wake acknowledgement write does not re-inject a delivered digest
2026-10-09T04:06:28.4036859Z ok - transient stale self-handles and records a persistence marker
2026-10-09T04:06:28.9901053Z ok - enriched stale wedges bypass status absorption except under a declared wait, without disturbing busy workers
2026-10-09T04:06:29.8128986Z ok - an enriched wedge under a declared wait uses the pause cadence and restores wedge detection on resume
2026-10-09T04:06:29.9076206Z ok - stale + terminal status escalates immediately
2026-10-09T04:06:30.1900477Z ok - stale escalation and current wait cadence remain independent
2026-10-09T04:06:30.2454273Z ok - paused reasons with captain phrases remain pause-classified
2026-10-09T04:06:30.3204977Z ok - a foreign resolved line keeps a pause, while the worker's own resolved line retracts it
2026-10-09T04:06:30.3793265Z ok - a captain-held transfer classifies as pause, not as a wedge candidate
2026-10-09T04:06:30.4485033Z ok - handle_wake on a paused stale records a pause marker, drops the wedge marker, and does not escalate
2026-10-09T04:06:30.5506985Z ok - handle_wake records a declared pause from a routine signal for long-cadence rechecks
2026-10-09T04:06:30.7225759Z ok - a terminal signal clears pause and stale tracking across both supervisors
2026-10-09T04:06:30.8639431Z ok - housekeeping migrates a normal-watcher's declared pause into daemon tracking
2026-10-09T04:06:30.9844221Z ok - housekeeping clears an already-resumed watcher pause across both supervisors
2026-10-09T04:06:31.1213232Z ok - housekeeping seeds pause tracking from status without a watcher marker
2026-10-09T04:06:31.2555228Z ok - persistent stale escalates after threshold and clears its marker
2026-10-09T04:06:31.4411574Z ok - resumed (busy) stale clears its marker without escalating
2026-10-09T04:06:31.5978536Z ok - housekeeping re-surfaces a stale declared pause on the long cadence and resets its window
2026-10-09T04:06:31.7532204Z ok - housekeeping re-surfaces a forgotten captain hold on the long cadence and resets its window
2026-10-09T04:06:32.3021930Z ok - housekeeping silences a captain hold only under an away record, never under quiet mode's
2026-10-09T04:06:32.4840884Z ok - a busy pane cannot gate the pause clear once its crew's status no longer declares the wait
2026-10-09T04:06:33.5385183Z ok - housekeeping matures a busy pane's declared-wait window into exactly one recheck per window
2026-10-09T04:06:33.9755201Z ok - housekeeping bounds a distant declared time, defers to a near one, and rechecks a passed one at once
2026-10-09T04:06:34.0957726Z ok - housekeeping clears a paused marker once the crew is no longer declaring the pause
2026-10-09T04:06:34.2166034Z ok - housekeeping clears the pause marker once a captain hold is answered
2026-10-09T04:06:34.3566094Z ok - housekeeping moves an existing stale marker to pause before wedge escalation
2026-10-09T04:06:34.4998603Z ok - housekeeping moves a captain hold's existing stale marker to pause before wedge escalation
2026-10-09T04:06:34.6163123Z ok - housekeeping clears tracking when a crew leaves pause
2026-10-09T04:06:34.7616850Z ok - persistent herdr stale resolves the target from metadata and escalates
2026-10-09T04:06:34.9405735Z ok - herdr idle busy-footer stale clears through capture corroboration
2026-10-09T04:06:35.0863103Z ok - resumed herdr stale clears through backend-aware busy state
2026-10-09T04:06:35.2370054Z ok - persistent Orca stale resolves the terminal from metadata
2026-10-09T04:06:36.4950564Z ok - multiple escalations flush as a single batched digest
2026-10-09T04:06:37.7694146Z ok - batch flush measures max-delay from the first append, not the last
2026-10-09T04:06:37.8774506Z ok - catch-all scan escalates a missed terminal once, not twice
2026-10-09T04:06:38.0519182Z ok - handle_wake routes routine->self and captain->escalate
2026-10-09T04:06:38.6428641Z ok - a decision-owned queued row escalates once as the decision, then suppresses until the status changes
2026-10-09T04:06:38.8378276Z ok - a captain-held decision-owned row is self-handled without escalation, now and on repeat
2026-10-09T04:06:38.8451068Z ok - INJECT_SKIP forces self-handle, bypassing captain-relevant classification
2026-10-09T04:06:38.8452470Z ok - is_wake_reason distinguishes watcher wake reasons from singleton-status stdout
2026-10-09T04:06:39.0150678Z ok - terminal-stale escalate removes its marker so housekeeping does not re-escalate
2026-10-09T04:06:39.1895759Z ok - captain signal escalate marks seen so the catch-all scan does not re-fire
2026-10-09T04:06:39.1923575Z ok - _collapse_newlines replaces newlines with literal separator
2026-10-09T04:06:39.2018909Z ok - afk flag absent: daemon does not inject, buffer preserved
2026-10-09T04:06:39.2494373Z ok - busy-guard defers injection when supervisor pane is busy
2026-10-09T04:06:39.2648759Z ok - marker detection: marker -> stay afk, no marker -> exit afk
2026-10-09T04:06:39.2740024Z ok - /afk invocation is exempt from afk exit (no self-cancel)
2026-10-09T04:06:39.2815060Z ok - should_exit_afk returns false when afk is not active
2026-10-09T04:06:39.2880339Z ok - strip_injection_marker removes the sentinel marker cleanly
2026-10-09T04:06:40.5153286Z ok - a marker-preserving primary still receives the typed U+2063 away-supervisor envelope and no record
2026-10-09T04:06:40.5826826Z ok - record-backed doorbell: only a doorbell naming this home's own record stays afk; a bare ASCII label, a missing record, and another home's record exit
2026-10-09T04:06:40.6214838Z ok - pane_input_pending detects partial input on the cursor line
2026-10-09T04:06:40.6604362Z ok - pane_input_pending: a blank unidentified cursor row defers (strict container-proof rule)
2026-10-09T04:06:40.8298767Z ok - pane_input_pending: only proven empty agent prompts pass
2026-10-09T04:06:40.9328032Z ok - fm_tmux_composer_state: a bare shell prompt ($/%/#/>) reads unknown, never empty (dead-shell injection safety)
2026-10-09T04:06:41.0452157Z ok - fm_tmux_composer_state: a bordered composer box and bare agent glyphs (❯/›) still read empty
2026-10-09T04:06:41.1419136Z ok - fm_tmux_composer_state: only matching edge borders form a composer box
2026-10-09T04:06:41.2008269Z ok - pane_input_pending preserves bright placeholder-like drafts in styled captures
2026-10-09T04:06:41.3026220Z ok - classify_signal dedupes against the catch-all scan seen marker
2026-10-09T04:06:41.3852502Z ok - turn-end markers stay routine while mixed actionable status batches escalate
2026-10-09T04:06:41.5923387Z ok - an actionable event is escalated to an away captain despite later routine appends
2026-10-09T04:06:41.7350349Z ok - the daemon commits exactly the endpoint captured by classification
2026-10-09T04:06:41.8767264Z ok - a stale wake escalates a blocker hidden by later progress
2026-10-09T04:06:41.9966236Z ok - a stale span read failure surfaces without advancing its marker
2026-10-09T04:06:42.1097579Z ok - a recreated status rejects the old captured identity
2026-10-09T04:06:42.1851138Z ok - an unverifiable status identity surfaces without advancing markers
2026-10-09T04:06:42.2944289Z ok - a status read failure surfaces without advancing the daemon suppressor
2026-10-09T04:06:42.5179051Z ok - catch-all routine scans advance before later actionable appends
2026-10-09T04:06:42.7894009Z ok - failed escalation writes retain durable wakes and classification positions
2026-10-09T04:06:44.2893981Z ok - stuck inbox escalation reaches supervision in away mode and survives buffering failure
2026-10-09T04:06:45.8046932Z ok - stuck inbox escalation reaches supervision in quiet mode and survives buffering failure
2026-10-09T04:06:47.3139887Z ok - write inbox escalation reaches supervision in away mode and survives buffering failure
2026-10-09T04:06:48.8247536Z ok - write inbox escalation reaches supervision in quiet mode and survives buffering failure
2026-10-09T04:06:50.3372935Z ok - reset inbox escalation reaches supervision in away mode and survives buffering failure
2026-10-09T04:06:51.8528732Z ok - reset inbox escalation reaches supervision in quiet mode and survives buffering failure
2026-10-09T04:06:52.2417240Z ok - inbox dispatch preserves ordinary stale, busy-turn, and other doorbell routing
2026-10-09T04:06:52.4419638Z ok - catch-all markers advance only after escalation buffering succeeds
2026-10-09T04:06:52.4722508Z ok - classification failure retains the complete durable wake batch
2026-10-09T04:06:52.5741964Z ok - missing-status stale wakes remain ordinary and acknowledgeable
2026-10-09T04:06:52.8148463Z ok - transient unreadable signals recover without advancing their position
2026-10-09T04:06:53.1186518Z ok - daemon catch-all reclassifies permission-recovered status content
2026-10-09T04:06:53.5943341Z ok - a permanent classification failure is reported, acknowledged, and never advances its position
2026-10-09T04:06:53.7989276Z ok - the away-mode catch-all scan surfaces a masked event once
2026-10-09T04:06:53.9086978Z ok - classify_stale dedupes against the signal path seen marker
2026-10-09T04:06:54.1722217Z ok - AFK nonterminal working:+merged keeps wedge aging and re-escalates at bound
2026-10-09T04:06:54.2284710Z ok - genuine done: and merge-check events still escalate
2026-10-09T04:06:54.3845260Z ok - pane_input_pending: an idle bordered composer is NOT pending (afk-invx-i5)
2026-10-09T04:06:54.4457851Z ok - pane_input_pending: text inside a bordered composer is still pending
2026-10-09T04:06:54.6172341Z ok - submit-ACK confirms a submit when the composer returns to a bordered-empty box
2026-10-09T04:06:55.0083403Z ok - submit-ACK reports pending on a persistently swallowed Enter (type-once)
2026-10-09T04:06:55.6747121Z ok - max-defer on an empty stuck pane types once, alarms, and preserves the buffer
2026-10-09T04:06:56.0673732Z ok - max-defer flushes and clears the buffer on an empty bordered pane
2026-10-09T04:06:56.2221294Z ok - max-defer on a pending composer alarms without typing
2026-10-09T04:06:56.5775889Z ok - normal flush clears a stale wedge marker
2026-10-09T04:06:57.1603573Z ok - an oversized buffered digest is delivered bounded, with the full text kept durable
2026-10-09T04:06:57.6240065Z ok - a digest past its byte budget counts the omitted events and keeps them in the full text
2026-10-09T04:06:58.0501694Z ok - an initial-send failure logs its stage, bytes, and stderr, and the wedge alarm names it
2026-10-09T04:06:58.6557285Z ok - an Enter-confirmation failure logs its own stage and byte count
2026-10-09T04:06:59.5014579Z ok - a bounded digest's full-text file survives a failure after typing, and a deferral writes none
2026-10-09T04:06:59.5463003Z ok - below MAX_DEFER: no inject, no alarm, buffer preserved
2026-10-09T04:06:59.5845206Z ok - max-defer does not flush or alarm while afk is inactive
2026-10-09T04:06:59.6264307Z ok - library mode: sourcing the daemon defaults FM_WEDGE_ALARM_EXEC to discard (no test can fire a real notification)
2026-10-09T04:06:59.8799395Z ok - wake helpers replace inherited notifier overrides with the safe recorder
2026-10-09T04:06:59.8893169Z ok - the discard seam suppresses every notifier, including command: (fires nothing)
2026-10-09T04:06:59.8977853Z ok - direct notifier helpers honor the discard seam, including command:
2026-10-09T04:07:00.0156192Z ok - osascript channel routes through the notifier seam with the summary (never a real notification)
2026-10-09T04:07:00.1335327Z ok - herdr channel routes through the notifier seam with the summary (never a real notification)
2026-10-09T04:07:00.2505666Z ok - command channel runs the captain command with the summary on $1 and on stdin
2026-10-09T04:07:00.3685217Z ok - command channel failures redact configured commands while logging their exit status
2026-10-09T04:07:00.3833151Z ok - unknown channel directives are redacted while the alarm keeps running
2026-10-09T04:07:00.3940700Z ok - off disables every active alert regardless of directive position (marker and tmux flash are unaffected)
2026-10-09T04:07:00.5126407Z ok - auto resolves to the macOS osascript notifier on Darwin (default-on)
2026-10-09T04:07:00.5291513Z ok - auto on a non-macOS platform selects no built-in OS channel (the marker or a configured command carries it)
2026-10-09T04:07:00.7497468Z ok - config/wedge-alarm selects every configured channel and skips comment and blank lines
2026-10-09T04:07:00.9685317Z ok - a failing channel logs and falls back to the next channel, never crashing the alarm
2026-10-09T04:07:01.3944694Z ok - a hung notifier is bounded, logged, and falls through to the next channel
2026-10-09T04:07:02.2265618Z ok - a backgrounded command notifier remains bounded until its process group is reaped
2026-10-09T04:07:04.2905428Z ok - a hung notifier override is bounded, logged, and proceeds to the next channel
2026-10-09T04:07:04.5549433Z [1]+  Terminated              sh -c 'sleep 30 & printf "%s" "$!" > "$1"; wait' sh "$child_file"
2026-10-09T04:07:04.5561582Z ok - daemon shutdown stops and reaps the active notifier process group
2026-10-09T04:07:04.6835889Z ok - inject_wedge_alarm writes the marker AND emits the active alert even with no tmux status-line (herdr backend)
2026-10-09T04:07:04.8190109Z ok - in-process wedge throttle prevents alert spam when the marker cannot persist
2026-10-09T04:07:07.5503980Z ok - fm-send returns 3 with a non-error no-resend warning when confirmation stays pending
2026-10-09T04:07:07.9128161Z ok - fm-send exits non-zero when initial text send fails
2026-10-09T04:07:08.8865982Z ok - fm-send exits non-zero unless delivery is proven empty
2026-10-09T04:07:08.8908820Z ok - discover_supervisor_backend: override > TMUX_PANE > HERDR_ENV+HERDR_PANE_ID > tmux fallback
2026-10-09T04:07:08.8960179Z ok - discover_supervisor_target: override > TMUX_PANE > herdr '<session>:<pane-id>' composition > firstmate:0 fallback
2026-10-09T04:07:08.9054353Z ok - pane_is_busy: herdr native busy_state='busy' short-circuits without a capture fallback
2026-10-09T04:07:08.9217551Z ok - primary busy guard isolates rendered signatures by detected harness
2026-10-09T04:07:08.9607325Z ok - pane_is_busy: omitted backend defaults to tmux for Grok's isolated fallback
2026-10-09T04:07:08.9675162Z ok - pane_input_pending: dispatches through fm_backend_composer_state for backend=herdr
2026-10-09T04:07:08.9790734Z ok - inject_msg: herdr busy-guard defers before ever attempting a submit
2026-10-09T04:07:08.9917268Z ok - inject_msg: herdr composer-guard defers before ever attempting a submit
2026-10-09T04:07:09.0023720Z ok - inject_msg: herdr pane-gone check defers before any busy/composer/submit call
2026-10-09T04:07:09.0427139Z ok - inject_msg: dispatches busy-guard/composer-guard/submit through the herdr backend and succeeds on a confirmed empty composer
2026-10-09T04:07:09.0544309Z ok - inject_msg: defers on a dead-shell/unreadable composer (unknown), never typing the escalation into a shell
2026-10-09T04:07:09.0662726Z ok - inject_msg: unrecognized composer states defer by default
2026-10-09T04:07:09.1875362Z FM_TEST_END 2026-10-09T04:07:09Z tests/fm-daemon.test.sh exit=0 duration_ms=44245 gate_skip=false
2026-10-09T04:07:09.2125172Z FM_TEST_BEGIN 2026-10-09T04:07:09Z tests/fm-backend.test.sh family=backend-dispatch expected_gate_skip=none
2026-10-09T04:07:09.2740783Z ok - fm_backend_name: FM_BACKEND env > config/backend > default tmux
2026-10-09T04:07:09.2801468Z ok - fm_backend_detect: no markers -> undetected, HERDR_ENV=1 -> herdr, $TMUX -> tmux, CMUX_WORKSPACE_ID -> cmux, nested combinations resolve innermost-first
2026-10-09T04:07:09.2986528Z ok - fm_backend_detect: falls back to __CFBundleIdentifier=com.cmuxterm.app when CMUX_WORKSPACE_ID is absent (signal bundle-id; foreign bundle ids rejected)
2026-10-09T04:07:09.3009356Z ok - fm_backend_detect: the cmux fallback signals are macOS-only (inert on a non-Darwin uname)
2026-10-09T04:07:09.3089519Z ok - fm_backend_detect: an inherited cmux bundle id never outranks $TMUX or HERDR_ENV (tmux/herdr-inside-cmux false positive absorbed)
2026-10-09T04:07:09.3281341Z ok - fm_backend_detect: ancestry fallback matches the lsappinfo-resolved (bundle-id) cmux app pid in the parent chain
2026-10-09T04:07:09.3488622Z ok - fm_backend_detect: ancestry fallback matches a bundle-shaped cmux comm path at any install location when lsappinfo cannot resolve a pid
2026-10-09T04:07:09.3680471Z ok - fm_backend_detect: ancestry fallback stops undetected at launchd (a reparented tmux server never reaches cmux)
2026-10-09T04:07:09.3847485Z ok - fm_backend_name: a fallback-detected cmux prints a NOTICE naming the fallback signal; the primary-marker notice is unchanged
2026-10-09T04:07:09.3960705Z ok - fm_backend_name: verified Herdr and tmux stay silent while experimental cmux remains loud
2026-10-09T04:07:09.4053859Z ok - fm_backend_name: an explicit FM_BACKEND or config/backend setting always wins over runtime auto-detection, including an ambient cmux marker
2026-10-09T04:07:09.4074262Z ok - fm_backend_validate: implemented adapters accepted, unknown and blocked codex-app backends refused loudly
2026-10-09T04:07:09.4075668Z ok - zsh: shell-portable backend matching skipped (zsh not found)
2026-10-09T04:07:09.4345691Z ok - bash: fm_backend_source recognizes known backends and rejects unknown ones
2026-10-09T04:07:09.4436569Z ok - fm_backend_source: missing adapter fails before lifecycle continuation
2026-10-09T04:07:09.4523867Z ok - fm_backend_source: unreadable adapter fails before lifecycle continuation
2026-10-09T04:07:09.4547391Z ok - fm_backend_validate_spawn: all implemented lifecycle backends are spawn-supported
2026-10-09T04:07:09.4593226Z ok - fm_meta_get / fm_backend_of_meta: read last key=value and default backend to tmux
2026-10-09T04:07:09.5072021Z ok - fm_backend_resolve_selector: session:window literal, exact task id first, legacy fm-<id> label fallback, ad hoc bare name via tmux list-windows
2026-10-09T04:07:09.5729775Z ok - fm_backend_of_selector: exact task ids, legacy fm-<id> labels, and matching explicit targets inherit metadata backend
2026-10-09T04:07:12.2781700Z ok - fm-send.sh: explicit tmux targets are verified; text types once and submits with Enter
2026-10-09T04:07:12.7896928Z ok - fm-peek.sh: capture-pane invocation and output are byte-identical old vs new
2026-10-09T04:07:20.7133437Z ok - fm-spawn.sh: a project reached through a symlinked prefix (e.g. macOS /tmp -> /private/tmp) does not trip the isolation guard's false refusal
2026-10-09T04:07:23.6263609Z ok - fm-teardown.sh: treehouse return remains compatible while tmux cleanup uses exact selectors
2026-10-09T04:07:23.7565296Z ok - fm-spawn.sh --backend bogus is refused loudly
2026-10-09T04:07:23.8861866Z ok - fm-spawn.sh --backend codex-app is refused
2026-10-09T04:07:24.0162920Z ok - fm-spawn.sh honors FM_BACKEND and refuses an unimplemented value loudly
2026-10-09T04:07:26.9542669Z ok - fm-spawn.sh: an explicit --backend tmux resolves silently and writes no backend= (missing means tmux)
2026-10-09T04:07:29.8880084Z ok - fm-spawn.sh: explicit --backend tmux wins over an ambient HERDR_ENV=1 auto-detect marker
2026-10-09T04:07:32.8257393Z ok - fm-spawn.sh: auto-detect resolves nested tmux-in-herdr to tmux and stays silent end to end
2026-10-09T04:07:32.9079542Z FM_TEST_END 2026-10-09T04:07:32Z tests/fm-backend.test.sh exit=0 duration_ms=23688 gate_skip=false
2026-10-09T04:07:32.9320964Z FM_TEST_BEGIN 2026-10-09T04:07:32Z tests/fm-fleet-snapshot-view.test.sh family=snapshot-bearings expected_gate_skip=optional-binary
2026-10-09T04:07:33.2657850Z ok - empty fleet snapshot and view use explicit absence markers
2026-10-09T04:07:39.0731178Z ok - fixture snapshot covers task rows, backlog rows, pointers, stable ordering, and emission-time event age
2026-10-09T04:07:40.8425178Z ok - home-summary excludes kind=secondmate from unowned_current and terminal_in_flight
2026-10-09T04:07:41.4351326Z ok - undated captain holds age after a configurable threshold, decided only from structured fields
2026-10-09T04:07:41.6278210Z ok - captain-hold buckets are total, mutually exclusive, and never decided by prose
2026-10-09T04:07:42.4877291Z ok - main_inventory discloses orphan/unstructured and clears when inventory is consistent
2026-10-09T04:07:43.4015291Z ok - backlog normalization preserves strict roles and resolves every blocker compatibly
2026-10-09T04:07:44.2859501Z ok - snapshot event hints follow reconciled current state
2026-10-09T04:07:44.8234529Z ok - durable fold keeps an open decision past a later unrelated event
2026-10-09T04:07:45.3543955Z ok - a live secondmate endpoint preserves unrelated open decisions
2026-10-09T04:07:45.9105031Z ok - durable captain-held transfer closes the duplicate live status decision
2026-10-09T04:07:46.4783702Z ok - durable fold clears a decision only on a keyed resolution
2026-10-09T04:07:55.0158431Z ok - a completed scout's stale decision surfaces as a report pointer, not pending
2026-10-09T04:07:55.4381455Z ok - a scout still parked at a decision stays pending (terminal clear does not over-fire)
2026-10-09T04:07:55.6188712Z ok - snapshot includes durable scout reports after teardown
2026-10-09T04:07:56.5515275Z ok - snapshot parses tasks-axi rows and respects operational overrides
2026-10-09T04:07:57.5706410Z ok - fleet view renders the snapshot without secondmate peek guidance
2026-10-09T04:07:58.0791787Z ok - fleet view renders secondmate agent liveness
2026-10-09T04:07:58.1267937Z FM_TEST_END 2026-10-09T04:07:58Z tests/fm-fleet-snapshot-view.test.sh exit=0 duration_ms=25186 gate_skip=false
2026-10-09T04:07:58.1506916Z FM_TEST_BEGIN 2026-10-09T04:07:58Z tests/fm-host-mirror.test.sh family=afk expected_gate_skip=none
2026-10-09T04:07:58.9335026Z ok - mirror: the Claude and Cursor registrations each write the captain's prompt and main's reply
2026-10-09T04:07:58.9502890Z ok - mirror: writers stay silent and write nothing on a home that opted out or has no state
2026-10-09T04:07:59.0057671Z ok - only Claude and Cursor, the primaries with proven writers, have a verified dialog mirror
2026-10-09T04:07:59.0613245Z ok - mirror: a home opted out by config/supervision-host-off is untouched by every tracked mirror registration
2026-10-09T04:07:59.4568164Z ok - mirror: without config/supervision-host the Claude registrations write the mirror and Cursor's stay inert
2026-10-09T04:08:00.1479523Z ok - mirror: operational input, a harness-started turn, a foreign host's payload, other events, and a session without the lock are never mirrored
2026-10-09T04:08:00.5313295Z ok - mirror: a captain prompt and a main reply keep their internal whitespace and newlines verbatim
2026-10-09T04:08:01.0825552Z ok - mirror: a repeated entry is recorded once, and a long entry keeps its head and tail within the cap
2026-10-09T04:08:01.8062862Z ok - mirror: a later different reply under the same id is recorded, while an identical repeat is recorded once
2026-10-09T04:08:02.2364360Z ok - mirror: an entry id already recorded by an earlier main session does not drop a later session's dialog
2026-10-09T04:08:02.8997038Z ok - mirror: a failed append leaves the mirror valid, prints nothing, and later dialog still lands
2026-10-09T04:08:03.2806411Z ok - mirror: the captain's dialog lands only in an owner-only mirror, even when the file already existed readable by others
2026-10-09T04:08:03.6647101Z ok - mirror: captain prompts and main replies reach the mirror without ever entering a process argument list
2026-10-09T04:08:06.1901826Z ok - mirror: the feed resumes from its committed cursor, re-anchors on a new conversation or session, and is bounded
2026-10-09T04:08:07.1573239Z ok - mirror: the feed's bound includes the note naming how many earlier entries it left out
2026-10-09T04:08:07.7456157Z ok - mirror: a later lock holder with a recycled pid is a new main session
2026-10-09T04:08:08.2221740Z ok - mirror: the feed refuses a mirror with a zero, fractional, or non-rising sequence, or an unterminated final record
2026-10-09T04:08:09.7871602Z ok - mirror: a recreated mirror continues past the committed and staged cursors, so a resumed conversation still gets new dialog
2026-10-09T04:08:09.8289198Z FM_TEST_END 2026-10-09T04:08:09Z tests/fm-host-mirror.test.sh exit=0 duration_ms=11669 gate_skip=false
2026-10-09T04:08:09.8535734Z FM_TEST_BEGIN 2026-10-09T04:08:09Z tests/fm-secondmate-lifecycle-e2e.test.sh family=secondmate expected_gate_skip=none
2026-10-09T04:08:10.1274449Z Note: switching to '94517133fdc56cdd5cbd036245d6bb264e0d0942'.
2026-10-09T04:08:10.1274997Z 
2026-10-09T04:08:10.1275330Z You are in 'detached HEAD' state. You can look around, make experimental
2026-10-09T04:08:10.1276173Z changes and commit them, and you can discard any commits you make in this
2026-10-09T04:08:10.1277584Z state without impacting any branches by switching back to a branch.
2026-10-09T04:08:10.1278172Z 
2026-10-09T04:08:10.1278519Z If you want to create a new branch to retain commits you create, you may
2026-10-09T04:08:10.1279432Z do so (now or later) by using -c with the switch command. Example:
2026-10-09T04:08:10.1279944Z 
2026-10-09T04:08:10.1280129Z   git switch -c <new-branch-name>
2026-10-09T04:08:10.1280469Z 
2026-10-09T04:08:10.1280643Z Or undo this operation with:
2026-10-09T04:08:10.1280951Z 
2026-10-09T04:08:10.1281109Z   git switch -
2026-10-09T04:08:10.1281344Z 
2026-10-09T04:08:10.1281730Z Turn off this advice by setting config variable advice.detachedHead to false
2026-10-09T04:08:10.1282369Z 
2026-10-09T04:08:10.6254187Z ok - seed: registry scope+projects, charter copied, clones+origins, no-mistakes init in subhome only
2026-10-09T04:08:11.0848145Z warning: secondmate design sync skipped before launch: primary default-branch commit cannot be resolved
2026-10-09T04:08:12.5294371Z ok - spawn: launches in the subhome with persistent charter, records routing meta
2026-10-09T04:08:14.3540876Z ok - send: a bare fm-<id> secondmate enqueues a marked request and rings the meta window
2026-10-09T04:08:15.7711059Z ok - handoff: in-scope items move verbatim, out-of-scope stays, idempotent
2026-10-09T04:08:17.6697110Z ok - recovery: respawns from the durable registry and persistent home
2026-10-09T04:08:21.6715292Z ok - teardown: removes the home, then clears meta and the registry route
2026-10-09T04:08:21.7175958Z FM_TEST_END 2026-10-09T04:08:21Z tests/fm-secondmate-lifecycle-e2e.test.sh exit=0 duration_ms=11856 gate_skip=false
2026-10-09T04:08:21.7411396Z FM_TEST_BEGIN 2026-10-09T04:08:21Z tests/fm-tangle-guard.test.sh family=session-bootstrap expected_gate_skip=none
2026-10-09T04:08:21.8339924Z ok - fm_primary_tangle_branch: feature branch alarms; default/detached/non-git stay silent
2026-10-09T04:08:22.6595399Z ok - fm-guard: bordered tangle banner fires only for a feature branch and suppresses repair commands in read-only mode
2026-10-09T04:08:24.0326279Z ok - fm-bootstrap: TANGLE problem line fires only for a feature branch and suppresses repair commands in detect-only mode
2026-10-09T04:08:24.1042906Z ok - fm-brief: ship brief asserts worktree isolation before the branch step
2026-10-09T04:08:27.3548699Z ok - fm-spawn: aborts unless the resolved worktree is a genuine, isolated worktree
2026-10-09T04:08:30.1605204Z ok - fm-spawn: appends windows by session-colon, pins the name, and targets the window id
2026-10-09T04:08:30.2127644Z FM_TEST_END 2026-10-09T04:08:30Z tests/fm-tangle-guard.test.sh exit=0 duration_ms=8463 gate_skip=false
2026-10-09T04:08:30.2368084Z FM_TEST_BEGIN 2026-10-09T04:08:30Z tests/fm-wake-daemon-lifecycle-e2e.test.sh family=watcher-wake-lock expected_gate_skip=none
2026-10-09T04:08:38.2907194Z ok - lifecycle: routine self-handles, terminal survives a watcher restart, buffers once, no dup, injects once
2026-10-09T04:08:38.5785622Z ok - lifecycle: stale pane transient self-handles, persistent escalates once and clears, resumed clears quietly
2026-10-09T04:08:38.6249900Z FM_TEST_END 2026-10-09T04:08:38Z tests/fm-wake-daemon-lifecycle-e2e.test.sh exit=0 duration_ms=8380 gate_skip=false
2026-10-09T04:08:38.6488038Z FM_TEST_BEGIN 2026-10-09T04:08:38Z tests/fm-worker-account-live-e2e.test.sh family=live-harness-optin expected_gate_skip=live-capability
2026-10-09T04:08:38.6847994Z skip-runner: claude is not installed, so its pin check was not exercised
2026-10-09T04:08:41.9687115Z ok - pi 1.1.0: the pin check reads auth check and the model listing, and refuses what only an ambient credential signs in
2026-10-09T04:08:41.9688346Z skip-runner: pi-signed is not installed, so its pin check was not exercised
2026-10-09T04:08:41.9690094Z # worker account live guard checked: pi
2026-10-09T04:08:42.0036200Z FM_TEST_END 2026-10-09T04:08:41Z tests/fm-worker-account-live-e2e.test.sh exit=0 duration_ms=3346 gate_skip=false
2026-10-09T04:08:42.0277652Z FM_TEST_BEGIN 2026-10-09T04:08:42Z tests/fm-calm-claude-mod.test.sh family=pure-contract-unit expected_gate_skip=none
2026-10-09T04:08:42.1795098Z ok - the Calm mod is one hooks module, linked into the project's auto-load path, with no command, skill, agent, or classic hook path that bypasses its exact opt-in
2026-10-09T04:08:42.3424990Z ok - the Pi working ship renders byte-for-byte the shared sprite core's frame painted in standard ANSI, at every width, cadence step, freeze, clamp, and reset
2026-10-09T04:08:42.5291373Z ok - the Raster packing lays the shared frame out row-major in Claude Code's dark or light theme palette, using light as the both-readable fallback, with plain padding, default backgrounds, BMP glyphs, clipping, and a standard base64 encoding
2026-10-09T04:08:42.6637726Z ok - the Calm policy resolves the shared preference exactly as Pi does, reads on, max, and off as Pi does, and shares Pi's 240-character-or-newline preservation behavior while classifying working notes by stop reason, tool use, and restored transcript shape
2026-10-09T04:08:43.3457422Z ok - the supervision notes read the store owner's tail copy and markers as Pi does: sailboat and anchor lines, silent rows skipped, bounded replay of unread and unprocessed rows not already shown in the session, and latch notes
2026-10-09T04:08:44.3277602Z ok - the mod's operational-input classifier agrees with bin/fm-operational-input.sh on all 77 corpus cases: every current kind the owner encodes, every legacy shape, and every near miss
2026-10-09T04:08:44.8298914Z ok - the mod's doorbell port agrees with bin/fm-operational-input.sh doorbell-kind on all 28 cases: every record the owner writes and every unbacked or malformed near miss
2026-10-09T04:08:44.8669625Z FM_TEST_END 2026-10-09T04:08:44Z tests/fm-calm-claude-mod.test.sh exit=0 duration_ms=2831 gate_skip=false
2026-10-09T04:08:44.8907958Z FM_TEST_BEGIN 2026-10-09T04:08:44Z tests/fm-tasks-axi.test.sh family=unclassified expected_gate_skip=none
2026-10-09T04:08:45.1226173Z ok - bootstrap reports a regular code-root backlog and stays silent for a link into the home or no copy
2026-10-09T04:08:45.1939415Z ok - bootstrap reports a code-root backlog linked elsewhere and a forked archive
2026-10-09T04:08:45.3237230Z ok - bootstrap stays silent when the code root is the home
2026-10-09T04:08:45.4630485Z ok - bare tasks-axi replaced the code-root link and bootstrap reported the fork
2026-10-09T04:08:46.5727531Z ok - fm-tasks-axi.sh writes, holds, archives, and reads relative body files through to the home from the code root
2026-10-09T04:08:46.7835146Z ok - fm-tasks-axi.sh pins the home's backlog over an ambient TASKS_AXI_FILE and serves the dashboard
2026-10-09T04:08:46.8805115Z ok - fm-tasks-axi.sh refuses caller --file, a symlinked home backlog, and an unresolvable home
2026-10-09T04:08:47.1288439Z ok - fm-tasks-axi.sh refuses add --start while plain add and start <id> pass through
2026-10-09T04:08:47.2400173Z ok - fm-tasks-axi.sh keeps the single-home layout addressing its own code-root backlog
2026-10-09T04:08:47.2777599Z FM_TEST_END 2026-10-09T04:08:47Z tests/fm-tasks-axi.test.sh exit=0 duration_ms=2379 gate_skip=false
2026-10-09T04:08:47.3016536Z FM_TEST_BEGIN 2026-10-09T04:08:47Z tests/fm-test-fixture-cleanup.test.sh family=standalone expected_gate_skip=none
2026-10-09T04:08:47.3683499Z ok - fm_test_tmproot cleans up its fixture root on normal exit
2026-10-09T04:08:47.5296846Z ok - fm_test_tmproot cleans up its fixture root on SIGTERM
2026-10-09T04:08:47.5644150Z ok - the cleanup registry cannot be injected through path precreation
2026-10-09T04:08:47.5738872Z ok - failed fixture registration rolls back the new root
2026-10-09T04:08:47.9933123Z ok - the orphan sweep reaps only old fixtures without a live owner
2026-10-09T04:08:48.1294377Z ok - the orphan sweep reaps read-only package fixtures
2026-10-09T04:08:48.3699295Z ok - test registries and fixture roots stay out of a git worktree TMPDIR
2026-10-09T04:08:48.4185821Z FM_TEST_END 2026-10-09T04:08:48Z tests/fm-test-fixture-cleanup.test.sh exit=0 duration_ms=1108 gate_skip=false
2026-10-09T04:08:48.4421585Z FM_TEST_BEGIN 2026-10-09T04:08:48Z tests/fm-no-mistakes-required.test.sh family=standalone expected_gate_skip=none
2026-10-09T04:08:48.6238982Z ok - shared action accepts a matching head_sha with completed required steps
2026-10-09T04:08:48.6500166Z ok - shared action rejects a mismatched head_sha and names both SHAs
2026-10-09T04:08:48.6760065Z ok - shared action rejects an attestation with no head_sha
2026-10-09T04:08:48.7090655Z FM_TEST_END 2026-10-09T04:08:48Z tests/fm-no-mistakes-required.test.sh exit=0 duration_ms=259 gate_skip=false
2026-10-09T04:08:48.7327110Z FM_TEST_BEGIN 2026-10-09T04:08:48Z tests/fm-project-origin.test.sh family=standalone expected_gate_skip=none
2026-10-09T04:08:48.8101881Z ok - ordinary clone URLs are accepted and clone with the command the remote host runs
2026-10-09T04:08:48.8228349Z ok - executable transports, option-shaped values, and unusable spellings are refused
2026-10-09T04:08:48.8229030Z ALL TESTS PASSED
2026-10-09T04:08:48.8622699Z FM_TEST_END 2026-10-09T04:08:48Z tests/fm-project-origin.test.sh exit=0 duration_ms=121 gate_skip=false
2026-10-09T04:08:48.8860023Z FM_TEST_BEGIN 2026-10-09T04:08:48Z tests/fm-composer-codex-idle-live-e2e.test.sh family=live-harness-optin expected_gate_skip=live-capability
2026-10-09T04:08:48.9138824Z skip: live: codex absent
2026-10-09T04:08:48.9480359Z fm-test-run: gate skip: tests/fm-composer-codex-idle-live-e2e.test.sh: live: codex absent
2026-10-09T04:08:48.9481135Z FM_TEST_END 2026-10-09T04:08:48Z tests/fm-composer-codex-idle-live-e2e.test.sh exit=0 duration_ms=49 gate_skip=true
2026-10-09T04:08:48.9714519Z FM_TEST_BEGIN 2026-10-09T04:08:48Z tests/fm-harness-adapter-references.test.sh family=pure-contract-unit expected_gate_skip=none
2026-10-09T04:08:49.0110189Z ok - harness adapter routing artifact is normalized and every target is readable
2026-10-09T04:08:49.0442419Z FM_TEST_END 2026-10-09T04:08:49Z tests/fm-harness-adapter-references.test.sh exit=0 duration_ms=64 gate_skip=false
2026-10-09T04:08:49.0681166Z FM_TEST_BEGIN 2026-10-09T04:08:49Z tests/fm-bearings-board-lavish-live-e2e.test.sh family=live-harness-optin expected_gate_skip=live-capability
2026-10-09T04:08:49.0977821Z skip: live: lavish-axi absent
2026-10-09T04:08:49.1320597Z fm-test-run: gate skip: tests/fm-bearings-board-lavish-live-e2e.test.sh: live: lavish-axi absent
2026-10-09T04:08:49.1321449Z FM_TEST_END 2026-10-09T04:08:49Z tests/fm-bearings-board-lavish-live-e2e.test.sh exit=0 duration_ms=51 gate_skip=true
2026-10-09T04:08:49.1556380Z FM_TEST_BEGIN 2026-10-09T04:08:49Z tests/fm-sessionstart-instruction-refresh-live-e2e.test.sh family=live-harness-optin expected_gate_skip=live-capability
2026-10-09T04:08:49.1841506Z skip: live: opt-in; set FM_SESSIONSTART_INSTRUCTION_REFRESH_LIVE_E2E=1 to run
2026-10-09T04:08:49.2182480Z fm-test-run: gate skip: tests/fm-sessionstart-instruction-refresh-live-e2e.test.sh: live: opt-in; set FM_SESSIONSTART_INSTRUCTION_REFRESH_LIVE_E2E=1 to run
2026-10-09T04:08:49.2183559Z FM_TEST_END 2026-10-09T04:08:49Z tests/fm-sessionstart-instruction-refresh-live-e2e.test.sh exit=0 duration_ms=49 gate_skip=true
2026-10-09T04:08:49.2420320Z FM_TEST_BEGIN 2026-10-09T04:08:49Z tests/fm-pi-seeded-home-trust-live-e2e.test.sh family=live-harness-optin expected_gate_skip=live-capability
2026-10-09T04:08:49.5119384Z # live pi version: 1.1.0
2026-10-09T04:08:50.2633247Z ok - fresh seeded Pi secondmate-shaped home stalls on Trust project folder? without --approve
2026-10-09T04:08:50.9184451Z ok - seeded home with --approve starts past the trust dialog without rewriting trust.json
2026-10-09T04:08:51.3660642Z ok - unseeded path without --approve still prompts on Trust project folder?
2026-10-09T04:08:51.3662413Z # all fm-pi-seeded-home-trust-live-e2e checks passed (3)
2026-10-09T04:08:51.4025150Z FM_TEST_END 2026-10-09T04:08:51Z tests/fm-pi-seeded-home-trust-live-e2e.test.sh exit=0 duration_ms=2152 gate_skip=false
2026-10-09T04:08:51.4250713Z FM_TEST_SUMMARY total=27 failed=3 skipped_gate=3 duration_ms=773743
2026-10-09T04:08:51.4268092Z FM_TEST_SUMMARY_FAMILY family=afk count=1 duration_ms=11669 failed=0
2026-10-09T04:08:51.4268854Z FM_TEST_SUMMARY_FAMILY family=backend-dispatch count=2 duration_ms=79226 failed=0
2026-10-09T04:08:51.4269497Z FM_TEST_SUMMARY_FAMILY family=live-harness-optin count=5 duration_ms=5647 failed=0
2026-10-09T04:08:51.4270133Z FM_TEST_SUMMARY_FAMILY family=pure-contract-unit count=3 duration_ms=49951 failed=0
2026-10-09T04:08:51.4270726Z FM_TEST_SUMMARY_FAMILY family=secondmate count=3 duration_ms=201088 failed=0
2026-10-09T04:08:51.4271304Z FM_TEST_SUMMARY_FAMILY family=session-bootstrap count=2 duration_ms=83988 failed=0
2026-10-09T04:08:51.4271903Z FM_TEST_SUMMARY_FAMILY family=snapshot-bearings count=2 duration_ms=104470 failed=1
2026-10-09T04:08:51.4272494Z FM_TEST_SUMMARY_FAMILY family=standalone count=4 duration_ms=178170 failed=1
2026-10-09T04:08:51.4273042Z FM_TEST_SUMMARY_FAMILY family=unclassified count=2 duration_ms=2545 failed=0
2026-10-09T04:08:51.4273725Z FM_TEST_SUMMARY_FAMILY family=watcher-wake-lock count=3 duration_ms=54876 failed=1
2026-10-09T04:08:51.4294476Z FM_TEST_SLOWEST rank=1 script=tests/fm-procevent.test.sh duration_ms=176682
2026-10-09T04:08:51.4295673Z FM_TEST_SLOWEST rank=2 script=tests/fm-remote-job.test.sh duration_ms=131966
2026-10-09T04:08:51.4297045Z FM_TEST_SLOWEST rank=3 script=tests/fm-bearings-snapshot.test.sh duration_ms=79284
2026-10-09T04:08:51.4298265Z FM_TEST_SLOWEST rank=4 script=tests/fm-sessionstart-nudge.test.sh duration_ms=75525
2026-10-09T04:08:51.4299389Z FM_TEST_SLOWEST rank=5 script=tests/fm-secondmate-sync.test.sh duration_ms=57266
2026-10-09T04:08:51.4300570Z FM_TEST_SLOWEST rank=6 script=tests/fm-teardown-endpoint-safety.test.sh duration_ms=55538
2026-10-09T04:08:51.4301694Z FM_TEST_SLOWEST rank=7 script=tests/fm-muse-harness.test.sh duration_ms=47056
2026-10-09T04:08:51.4302793Z FM_TEST_SLOWEST rank=8 script=tests/fm-daemon.test.sh duration_ms=44245
2026-10-09T04:08:51.4303975Z FM_TEST_SLOWEST rank=9 script=tests/fm-fleet-snapshot-view.test.sh duration_ms=25186
2026-10-09T04:08:51.4305205Z FM_TEST_SLOWEST rank=10 script=tests/fm-backend.test.sh duration_ms=23688
2026-10-09T04:08:51.4306535Z FM_TEST_SLOWEST rank=11 script=tests/fm-secondmate-lifecycle-e2e.test.sh duration_ms=11856
2026-10-09T04:08:51.4307855Z FM_TEST_SLOWEST rank=12 script=tests/fm-host-mirror.test.sh duration_ms=11669
2026-10-09T04:08:51.4308827Z FM_TEST_SLOWEST rank=13 script=tests/fm-tangle-guard.test.sh duration_ms=8463
2026-10-09T04:08:51.4309804Z FM_TEST_SLOWEST rank=14 script=tests/fm-wake-daemon-lifecycle-e2e.test.sh duration_ms=8380
2026-10-09T04:08:51.4310808Z FM_TEST_SLOWEST rank=15 script=tests/fm-worker-account-live-e2e.test.sh duration_ms=3346
2026-10-09T04:08:51.4593761Z fm-test-run: wrote timing artifact: /home/runner/work/_temp/fm-test/fm-test-timing-portable-serial-7.json
2026-10-09T04:08:51.4644958Z ##[error]Process completed with exit code 1.
2026-10-09T04:08:51.4733589Z ##[group]Run actions/upload-artifact@v4
2026-10-09T04:08:51.4733906Z with:
2026-10-09T04:08:51.4734153Z   name: fm-test-timing-portable-serial-7
2026-10-09T04:08:51.4734575Z   path: /home/runner/work/_temp/fm-test/fm-test-timing-portable-serial-7.json
2026-10-09T04:08:51.4734994Z   if-no-files-found: warn
2026-10-09T04:08:51.4735226Z   compression-level: 6
2026-10-09T04:08:51.4735438Z   overwrite: false
2026-10-09T04:08:51.4735646Z   include-hidden-files: false
2026-10-09T04:08:51.4735878Z ##[endgroup]
2026-10-09T04:08:51.6493318Z (node:337632) [DEP0040] DeprecationWarning: The `punycode` module is deprecated. Please use a userland alternative instead.
2026-10-09T04:08:51.6494229Z (Use `node --trace-deprecation ...` to show where the warning was created)
2026-10-09T04:08:51.6520586Z With the provided path, there will be 1 file uploaded
2026-10-09T04:08:51.6528975Z Artifact name is valid!
2026-10-09T04:08:51.6530103Z Root directory input is valid!
2026-10-09T04:08:51.9362717Z Beginning upload of artifact content to blob storage
2026-10-09T04:08:51.9566286Z (node:337632) [DEP0169] DeprecationWarning: `url.parse()` behavior is not standardized and prone to errors that have security implications. Use the WHATWG URL API instead. CVEs are not issued for `url.parse()` vulnerabilities.
2026-10-09T04:08:52.1170103Z Uploaded bytes 1374
2026-10-09T04:08:52.1649909Z Finished uploading artifact content to blob storage!
2026-10-09T04:08:52.1651238Z SHA256 digest of uploaded artifact zip is ee2801e025634f17c634f5c99eb27a4884e03a6754e15bf1b1f9c57dfb92a9d3
2026-10-09T04:08:52.1652753Z Finalizing artifact upload
2026-10-09T04:08:52.4088857Z Artifact fm-test-timing-portable-serial-7.zip successfully finalized. Artifact ID 11594843153
2026-10-09T04:08:52.4090284Z Artifact fm-test-timing-portable-serial-7 has been successfully uploaded! Final size is 1374 bytes. Artifact ID is 11594843153
2026-10-09T04:08:52.4095834Z Artifact download URL: https://github.com/speechybubble/firstmate/actions/runs/37881495964/artifacts/11594843153
2026-10-09T04:08:52.4316169Z Post job cleanup.
2026-10-09T04:08:52.5225715Z [command]/usr/bin/git version
2026-10-09T04:08:52.5272137Z git version 2.55.0
2026-10-09T04:08:52.5314531Z Temporarily overriding HOME='/home/runner/work/_temp/0248ac48-9585-42c6-bfad-62c0f0c3d611' before making global git config changes
2026-10-09T04:08:52.5315847Z Adding repository directory to the temporary git global config as a safe directory
2026-10-09T04:08:52.5321318Z [command]/usr/bin/git config --global --add safe.directory /home/runner/work/firstmate/firstmate
2026-10-09T04:08:52.5371401Z Removing SSH command configuration
2026-10-09T04:08:52.5372078Z [command]/usr/bin/git config --local --name-only --get-regexp core\.sshCommand
2026-10-09T04:08:52.5430735Z [command]/usr/bin/git submodule foreach --recursive sh -c "git config --local --name-only --get-regexp 'core\.sshCommand' && git config --local --unset-all 'core.sshCommand' || :"
2026-10-09T04:08:52.5723674Z Removing HTTP extra header
2026-10-09T04:08:52.5731871Z [command]/usr/bin/git config --local --name-only --get-regexp http\.https\:\/\/github\.com\/\.extraheader
2026-10-09T04:08:52.5800842Z [command]/usr/bin/git submodule foreach --recursive sh -c "git config --local --name-only --get-regexp 'http\.https\:\/\/github\.com\/\.extraheader' && git config --local --unset-all 'http.https://github.com/.extraheader' || :"
2026-10-09T04:08:52.6088718Z Removing includeIf entries pointing to credentials config files
2026-10-09T04:08:52.6101158Z [command]/usr/bin/git config --local --name-only --get-regexp ^includeIf\.gitdir:
2026-10-09T04:08:52.6140371Z includeif.gitdir:/home/runner/work/firstmate/firstmate/.git.path
2026-10-09T04:08:52.6174329Z includeif.gitdir:/home/runner/work/firstmate/firstmate/.git/worktrees/*.path
2026-10-09T04:08:52.6175643Z includeif.gitdir:/github/workspace/.git.path
2026-10-09T04:08:52.6176544Z includeif.gitdir:/github/workspace/.git/worktrees/*.path
2026-10-09T04:08:52.6179080Z [command]/usr/bin/git config --local --get-all includeif.gitdir:/home/runner/work/firstmate/firstmate/.git.path
2026-10-09T04:08:52.6197661Z /home/runner/work/_temp/git-credentials-64f1ba58-8e0a-4f11-b2be-fdb9464dbb9e.config
2026-10-09T04:08:52.6213034Z [command]/usr/bin/git config --local --unset includeif.gitdir:/home/runner/work/firstmate/firstmate/.git.path /home/runner/work/_temp/git-credentials-64f1ba58-8e0a-4f11-b2be-fdb9464dbb9e.config
2026-10-09T04:08:52.6318078Z [command]/usr/bin/git config --local --get-all includeif.gitdir:/home/runner/work/firstmate/firstmate/.git/worktrees/*.path
2026-10-09T04:08:52.6347467Z /home/runner/work/_temp/git-credentials-64f1ba58-8e0a-4f11-b2be-fdb9464dbb9e.config
2026-10-09T04:08:52.6388602Z [command]/usr/bin/git config --local --unset includeif.gitdir:/home/runner/work/firstmate/firstmate/.git/worktrees/*.path /home/runner/work/_temp/git-credentials-64f1ba58-8e0a-4f11-b2be-fdb9464dbb9e.config
2026-10-09T04:08:52.6391429Z [command]/usr/bin/git config --local --get-all includeif.gitdir:/github/workspace/.git.path
2026-10-09T04:08:52.6420480Z /github/runner_temp/git-credentials-64f1ba58-8e0a-4f11-b2be-fdb9464dbb9e.config
2026-10-09T04:08:52.6437348Z [command]/usr/bin/git config --local --unset includeif.gitdir:/github/workspace/.git.path /github/runner_temp/git-credentials-64f1ba58-8e0a-4f11-b2be-fdb9464dbb9e.config
2026-10-09T04:08:52.6505669Z [command]/usr/bin/git config --local --get-all includeif.gitdir:/github/workspace/.git/worktrees/*.path
2026-10-09T04:08:52.6527581Z /github/runner_temp/git-credentials-64f1ba58-8e0a-4f11-b2be-fdb9464dbb9e.config
2026-10-09T04:08:52.6545966Z [command]/usr/bin/git config --local --unset includeif.gitdir:/github/workspace/.git/worktrees/*.path /github/runner_temp/git-credentials-64f1ba58-8e0a-4f11-b2be-fdb9464dbb9e.config
2026-10-09T04:08:52.6617773Z [command]/usr/bin/git submodule foreach --recursive git config --local --show-origin --name-only --get-regexp remote.origin.url
2026-10-09T04:08:52.6872128Z Removing credentials config '/home/runner/work/_temp/git-credentials-64f1ba58-8e0a-4f11-b2be-fdb9464dbb9e.config'
2026-10-09T04:08:52.7028530Z Cleaning up orphan processes
2026-10-09T04:08:52.7361742Z ##[warning]Node.js 20 is deprecated. The following actions target Node.js 20 but are being forced to run on Node.js 24: actions/upload-artifact@v4. For more information see: https://github.blog/changelog/2025-09-19-deprecation-of-node-20-on-github-actions-runners/
